Name;;Directed By;;Studio;TOMATOMETER score;TOMATOMETER Count;AUDIENCE score;AUDIENCE count;Gano oscar;Fecha;DayOfWeek
The Angry Birds Movie 2;; Thurop Van Orman;; Columbia Pictures  ;73%;107;84%;4,023;false;03/07/2022;VIERNES
Legend Of The Demon Cat (Kûkai);; Kaige Chen;; Well Go USA  ;91%;11;37%;74;false;04/08/2023;LUNES
Dora and the Lost City of Gold;; James Bobin;; Paramount Pictures  ;84%;148;88%;6,715;false;08/06/2022;LUNES
Luce;; Julius Onah;; NEON  ;91%;151;77%;284;false;10/11/2022;VIERNES
Good Boys;; Gene Stupnitsky;; Universal Pictures  ;80%;237;86%;13,007;true;7/18/2023;VIERNES
Danger Close;; Kriv Stenders;; Saban Films  ;67%;30;67%;90;true;12/11/2022;JUEVES
Tel Aviv on Fire;; Sameh Zoabi;; Cohen Media Group  ;90%;58;86%;28;true;07/12/2022;VIERNES
Brian Banks;; Tom Shadyac;; Bleecker Street  ;61%;69;97%;1,831;true;6/19/2023;JUEVES
The Farewell;; Lulu Wang;; A24  ;98%;322;87%;2,49;false;1/29/2023;LUNES
Angel Has Fallen;; Ric Roman Waugh;; Lionsgate  ;39%;178;93%;14,666;true;7/15/2022;VIERNES
Them That Follow;; Britt Poulton,  Dan Madison Savage;;1091;59%;91;47%;147;true;11/01/2022;JUEVES
After the Wedding;; Bart Freundlich;; Sony Pictures Classics  ;44%;153;77%;196;true;7/30/2023;LUNES
Official Secrets;; Gavin Hood;; IFC Films  ;83%;156;89%;361;false;05/06/2023;LUNES
The Peanut Butter Falcon;; Tyler Nilson,  Michael Schwartz;; Roadside Attractions  ;96%;200;96%;4,704;false;10/10/2022;LUNES
Paradise Hills;; Alice Waddington;; Samuel Goldwyn Films  ;64%;61;82%;330;true;9/27/2022;LUNES
Adopt a Highway;; Logan Marshall-Green;; RLJE Films  ;68%;31;73%;67;true;4/13/2023;JUEVES
Cubby;; Mark Blane,  Ben Mankoff;; Breaking Glass Pictures  ;70%;10;62%;16;false;6/30/2023;LUNES
Drive;; Tarun Mansukhani;; Netflix  ;0%;7;13%;15;false;12/30/2022;VIERNES
The King;; David Michôd;; Netflix  ;71%;136;83%;1,794;false;09/04/2022;VIERNES
Klaus;; Sergio Pablos;; Netflix  ;94%;63;97%;1,837;false;06/11/2022;VIERNES
Earthquake Bird;; Wash Westmoreland;; Netflix  ;50%;40;55%;173;false;6/28/2022;JUEVES
American Son;; Kenny Leon;; Netflix  ;50%;24;47%;282;false;7/14/2022;LUNES
Philophobia: Or the Fear of Falling in Love;; Aaron Burt;; Gravitas Ventures  ;100%;10;79%;14;false;03/02/2023;LUNES
Radioflash;; Ben McPherson;; IFC Midnight  ;0%;11;50%;30;false;09/05/2022;LUNES
Primal;; Nick Powell;; Lionsgate  ;38%;32;27%;48;true;08/04/2023;VIERNES
Cold Brook;; William Fichtner;; Vertical Entertainment  ;80%;10;83%;6;false;6/15/2023;LUNES
Feast of the Seven Fishes;; Robert Tinnell;; SHOUT! STUDIOS  ;88%;16;93%;59;false;09/07/2022;LUNES
Holiday in the Wild;; Ernie Barbarash;; Netflix  ;43%;7;48%;178;false;9/30/2022;LUNES
Let It Snow;; Luke Snellin;; Netflix  ;81%;26;45%;343;false;8/16/2023;VIERNES
The Return of Martin Guerre (Le Retour de Martin Guerre);; Daniel Vigne;; Cohen Media Group  ;100%;16;80%;2,881;true;07/08/2022;JUEVES
Gebo and The Shadow (Gebo et l'ombre);; Manoel de Oliveira;; The Cinema Guild  ;100%;9;50%;144;false;8/20/2023;VIERNES
Scary Stories to Tell in the Dark;; André Øvredal;; CBS Films and Lionsgate  ;78%;222;72%;8,238;true;4/30/2023;VIERNES
The Lion King;; Jeff Nathanson;; Walt Disney Pictures  ;53%;406;88%;76,333;true;01/01/2023;JUEVES
47 Meters Down: Uncaged;; Johannes Roberts;; Entertainment Studios Motion Pictures  ;42%;85;68%;2,475;true;08/05/2022;VIERNES
Girl on the Third Floor;; Travis Stevens;; Queensbury Pictures  ;81%;36;23%;315;false;05/08/2023;VIERNES
Sweetheart;; J.D. Dillard;; Blumhouse  ;94%;33;46%;192;true;9/30/2022;VIERNES
Blinded by the Light;; Gurinder Chadha;; New Line Cinema  ;89%;244;91%;2,634;true;2/19/2023;JUEVES
3 from Hell;; Rob Zombie;; Lionsgate  ;53%;32;61%;640;true;7/18/2023;VIERNES
Emanuel;; Brian Ivie;; Arbella Studios  ;100%;18;98%;315;true;6/25/2022;JUEVES
The Kill Team;; Dan Krauss;; A24  ;70%;47;43%;63;false;02/01/2023;VIERNES
Dolemite Is My Name;; Craig Brewer;; Netflix  ;97%;215;91%;113;true;7/18/2022;VIERNES
The Laundromat;; Steven Soderbergh;; Netflix  ;42%;159;41%;798;true;11/14/2022;VIERNES
Tell Me Who I Am;; Ed Perkins;; Netflix  ;96%;27;89%;137;false;7/22/2023;VIERNES
Miss Virginia;; R.J. Daniel Hanna;; Vertical Entertainment  ;60%;10;84%;44;false;2/25/2023;LUNES
Lucky Day;; Roger Avary;; Lionsgate  ;11%;9;47%;36;false;12/31/2022;VIERNES
Portals;; Gregg Hale,  Liam O'Donnell,  Eduardo Sánchez,  Timo Tjahjanto;; Screen Media Films  ;0%;11;16%;19;true;11/22/2022;LUNES
The Gallows Act II;; Chris Lofing,  Travis Cluff;; Lionsgate  ;0%;13;44%;48;false;12/09/2022;VIERNES
Jenny Slate: Stage Fright;; Gillian Robespierre;; Netflix  ;100%;14;45%;120;true;08/09/2023;LUNES
Trick;; Patrick Lussier;; RLJE Films  ;32%;25;45%;51;false;02/06/2023;VIERNES
Toy Story 4;; Josh Cooley;; Disney/Pixar  ;97%;429;94%;53,144;false;03/06/2023;LUNES
Pretenders;; James Franco;; Cleopatra Entertainment  ;20%;10;50%;25;false;11/28/2022;LUNES
Stuber;; Michael Dowse;; 20th Century Fox  ;41%;215;79%;5,394;true;5/14/2023;JUEVES
In the Shadow of the Moon;; Jim Mickle;; Netflix  ;59%;51;36%;256;false;11/19/2022;LUNES
The Riot Act;; Devon Parks;; Giant Pictures  ;61%;18;83%;53;false;07/04/2022;VIERNES
Maiden;; Alex Holmes;; Sony Pictures Classics  ;98%;116;97%;214;true;12/12/2022;LUNES
In the Tall Grass;; Vincenzo Natali;; Netflix  ;37%;67;34%;571;true;12/26/2022;VIERNES
The Dead Center;; Billy Senese;; Arrow Films  ;94%;17;47%;48;true;3/14/2023;LUNES
The Death of Dick Long;; Daniel Scheinert;; A24  ;75%;76;86%;7;false;04/11/2023;JUEVES
Sister Aimee;; Samantha Buck,  Marie Schlingmann;;1091;68%;19;70%;12;false;09/11/2022;JUEVES
Memory: The Origins of Alien;; Alexandre O. Philippe;; Screen Media  ;82%;77;92%;12;false;07/06/2022;JUEVES
Marianne & Leonard: Words of Love;; Nick Broomfield;; Roadside Attractions  ;79%;110;85%;48;true;7/31/2022;VIERNES
Harpoon;; Rob Grant;; Epic Pictures  ;96%;56;60%;81;false;11/08/2022;JUEVES
The Art of Self-Defense;; Riley Stearns;; Bleecker Street  ;84%;158;63%;631;true;9/13/2022;VIERNES
Bliss;; Joe Begos;; Dark Sky Films  ;90%;39;63%;73;true;1/28/2023;VIERNES
The Gangster;; the Devil;; Lee Won-Tae;   110 minutes    ; Well Go USA Entertainment  ;97%;29;false;12/12/2022;JUEVES
Ready to Mingle (Bachelorettes) (Solteras);; Luis Javier M. Henaine;; Netflix  ;44%;9;50%;20;false;08/11/2023;LUNES
The Influence (La influencia);; Denis Rovira;; Netflix  ;0%;5;30%;30;false;12/16/2022;LUNES
Cuck;; Rob Lambert;; Gravitas Ventures  ;55%;11;29%;102;false;05/09/2023;LUNES
El Camino: A Breaking Bad Movie;; Vince Gilligan;; Netflix  ;91%;121;81%;4,465;false;5/16/2023;VIERNES
Fractured;; Brad Anderson;; Netflix  ;61%;28;50%;406;true;7/25/2023;VIERNES
Quartet;; James Ivory;; Cohen Film Collection  ;47%;15;32%;112;true;10/28/2022;LUNES
The Grief of Others;; Patrick Wang;; Vanishing Angle  ;92%;12;64%;51;true;8/13/2023;VIERNES
Spider-Man: Far From Home;; Jon Watts;; Sony Pictures  ;91%;427;95%;69,223;false;8/17/2023;VIERNES
Bodied;; Joseph Kahn;; NEON  ;90%;78;86%;795;true;2/15/2023;JUEVES
My Son (Mon garçon);; Christian Carion;; Cohen Media Group  ;57%;21;15%;14;false;5/20/2023;VIERNES
Four Hands (Die Vierhändige);; Oliver Kienle;; ARRI Media  ;83%;12;20%;16;false;02/11/2023;JUEVES
In the Aisles (In den Gängen);; Thomas Stuber;; Music Box Films  ;89%;37;65%;34;false;07/10/2023;VIERNES
The Wedding Year;; Robert Luketic;; Entertainment Studios Motion Pictures  ;44%;9;56%;43;true;7/29/2023;VIERNES
Loro;; Paolo Sorrentino;; Sundance Selects  ;78%;72;59%;116;true;07/04/2022;JUEVES
Wild Rose;; Tom Harper;; NEON  ;92%;182;87%;170;true;11/06/2022;VIERNES
A Bread Factory;; NR;;   122 minutes    ; Vanishing Angle  ;100%;29;67%;true;2/28/2023;VIERNES
A Bread Factory;; NR;;   120 minutes    ; Vanishing Angle  ;100%;21;71%;true;6/14/2023;LUNES
Skin;; Guy Nattiv;; A24  ;76%;78;84%;296;false;12/16/2022;JUEVES
American Dreamer;; Derrick Borte;; Saban Films  ;53%;15;82%;65;false;6/18/2022;LUNES
Empathy;; NR;;   98 minutes    ; Dark Star Pictures  ;85%;26;89%;false;11/03/2022;LUNES
Prey;; Franck Khalfoun;; Cinedigm  ;13%;8;24%;29;false;8/16/2022;LUNES
Annabelle Comes Home;; Gary Dauberman;; New Line Cinema  ;65%;200;70%;9,405;false;11/28/2022;JUEVES
Crawl;; Alex Aja;; Paramount Pictures  ;83%;185;75%;7,593;true;7/17/2023;LUNES
Midsommar;; Ari Aster;; A24  ;83%;373;63%;5,229;false;12/11/2022;LUNES
Corporate Animals;; Patrick Brice;; Screen Media Films  ;25%;51;17%;33;false;4/19/2023;VIERNES
Pavarotti;; Ron Howard;; CBS Films  ;87%;83;98%;857;true;7/23/2023;JUEVES
The Day Shall Come;; Christopher Morris;; IFC Films  ;65%;88;56%;77;true;1/16/2023;JUEVES
Depraved;; Larry Fessenden;; IFC Midnight  ;87%;53;46%;50;false;6/16/2023;JUEVES
Auggie;; Matt Kane;; Samuel Goldwyn Films  ;80%;15;78%;9;true;08/02/2022;VIERNES
Between Two Ferns: The Movie;; Scott Aukerman;; Netflix  ;74%;58;44%;257;true;6/25/2022;VIERNES
Bloodline;; Henry Jacobson;; Momentum Pictures  ;53%;19;57%;97;true;6/27/2022;JUEVES
Running with the Devil;; Jason Cabell;; Quiver Distribution  ;25%;24;40%;110;true;6/15/2022;JUEVES
10 Minutes Gone;; Brian A. Miller;; Lionsgate  ;0%;7;19%;75;true;03/12/2023;VIERNES
The Last Photograph;; Danny Huston;; Freestyle Digital Media  ;71%;7;57%;10;false;07/03/2023;JUEVES
Shaft;; Tim Story;; New Line Cinema  ;32%;124;94%;7,727;false;08/05/2023;VIERNES
Being Frank;; Miranda Bailey;; The Film Arcade  ;31%;39;64%;66;true;12/10/2022;VIERNES
The Dead Don't Die;; Jim Jarmusch;; Focus Features  ;55%;290;38%;1,784;false;08/08/2023;JUEVES
Wayne;; Jeremy Sims;; Gunpowder & Sky  ;89%;9;100%;8;true;6/17/2022;LUNES
Low Tide;; Kevin McMullin;; A24  ;71%;31;65%;38;false;12/01/2022;VIERNES
Vita & Virginia;; Chanya Button;; IFC Films  ;41%;86;61%;57;true;04/04/2023;LUNES
Echo In the Canyon;; Andrew Slater (XI) ;; Greenwich Entertainment  ;92%;66;92%;336;true;03/10/2023;JUEVES
Night Hunter (Nomis);; David Raymond (VII) ;; Saban Films  ;14%;35;56%;158;false;8/17/2022;LUNES
Child's Play;; Lars Klevberg;; Orion Pictures  ;63%;196;57%;5,796;false;02/04/2023;VIERNES
Untouchable;; Ursula Macfarlane;; Hulu  ;85%;48;76%;17;true;4/20/2023;LUNES
Tall Girl;; Nzingha Stewart;; Netflix  ;44%;9;18%;98;false;6/20/2023;VIERNES
Yesterday;; Danny Boyle;; Universal Pictures  ;63%;338;89%;14,665;true;06/05/2023;LUNES
Darlin';; Pollyanna McIntosh;; Dark Sky Films  ;70%;30;50%;30;false;6/17/2023;JUEVES
Anna;; Luc Besson;; Summit Entertainment  ;36%;67;81%;2,225;false;6/28/2023;VIERNES
Satanic Panic;; Chelsea Stardust;; RLJE Films  ;61%;56;51%;79;true;11/22/2022;JUEVES
Strange But True;; Rowan Athale;; Lionsgate  ;57%;23;83%;6;false;10/21/2022;JUEVES
Riot Girls;; Jovanka Vuckovic;; Cranked Up Films  ;89%;19;41%;17;true;6/24/2022;VIERNES
Haunt;; Scott Beck,  Bryan Woods;; Momentum Pictures  ;71%;42;100%;8;false;2/15/2023;JUEVES
The Fanatic;; Fred Durst;; Quiver Distribution  ;16%;58;31%;258;true;07/01/2022;VIERNES
Can You Keep a Secret?;; Elise Duran;; Vertical Entertainment  ;27%;11;40%;146;false;3/30/2023;LUNES
Bill Burr: Paper Tiger;; Bill Burr;; Netflix  ;86%;7;96%;1,308;false;9/26/2022;LUNES
Dude Bro Party Massacre III;; Jon Salmon,  Tomm Jacobsen,  Michael Rousselet;; 5-Second Films and Snoot Entertainment  ;90%;10;77%;237;false;3/26/2023;LUNES
The Secret Life of Pets 2;; Chris Renaud,  Jonathan Del Val;; Universal Pictures  ;60%;155;90%;21,933;false;10/18/2022;LUNES
The Professor and the Madman;; Farhad Safinia;; Vertical Entertainment  ;42%;26;77%;293;false;9/25/2022;JUEVES
Aladdin;; Guy Ritchie;; Walt Disney Pictures  ;57%;362;94%;59,043;false;9/22/2022;VIERNES
John Wick: Chapter 3 - Parabellum;; Chad Stahelski;; Lionsgate  ;90%;331;86%;38,122;true;8/21/2023;JUEVES
Men in Black International;; F. Gary Gray;; Columbia Pictures  ;23%;304;66%;11,493;true;01/07/2023;LUNES
Tone-Deaf;; Richard Bates, Jr.;; Saban Films  ;39%;28;24%;41;false;07/09/2023;VIERNES
Be Natural: The Untold Story of Alice Guy-Blaché;; Pamela B. Green;; Zeitgeist Films  ;95%;84;96%;168;true;3/31/2023;VIERNES
Booksmart;; Olivia Wilde;; United Artists  ;97%;344;77%;4,116;true;9/13/2022;JUEVES
Jacob's Ladder;; David M. Rosenthal;; Vertical Entertainment  ;5%;22;40%;132;true;9/26/2022;VIERNES
Shadow;; Zhang Yimou;; Well Go USA Entertainment  ;95%;94;80%;347;true;06/10/2022;LUNES
Driven;; Nick Hamm;; Variance Films & Universal Pictures Content Group  ;62%;50;72%;122;false;01/10/2023;VIERNES
Gwen;; William McGregor;; RLJE Films  ;72%;61;78%;139;false;4/20/2023;VIERNES
Sextuplets;; Michael Tiddes;; Netflix  ;14%;14;38%;34;false;12/27/2022;LUNES
Ladyworld;; Amanda Kramer;; Cleopatra Entertainment  ;50%;20;33%;21;false;08/04/2023;VIERNES
Socrates;; Alexandre Moratto;; Breaking Glass Pictures  ;84%;19;78%;9;false;6/18/2022;LUNES
American Factory;; Julia Reichert,  Steven Bognar;; Netflix  ;96%;84;79%;427;true;06/11/2023;VIERNES
The Tomorrow Man;; Noble Jones;; Bleecker Street  ;42%;55;44%;43;true;04/10/2023;VIERNES
Ma;; Tate Taylor;; Universal Pictures  ;55%;196;64%;8,228;true;10/26/2022;LUNES
5B;; Dan Krauss,  Paul Haggis;; RYOT Films  ;100%;19;97%;36;false;06/09/2023;JUEVES
Spider in the Web;; Eran Riklis;; Vertical Entertainment  ;75%;8;35%;20;true;12/09/2022;VIERNES
Angel of Mine;; Kim Farrant;; Lionsgate  ;70%;20;90%;332;true;06/08/2023;JUEVES
Hot Air;; Frank Coraci;; Freestyle Releasing  ;18%;17;64%;25;true;8/14/2023;JUEVES
Burn;; Mike Gan;; Momentum Pictures  ;58%;12;41%;44;false;09/06/2022;JUEVES
One Last Night;; Anthony Sabet;; ASA Pictures  ;60%;5;83%;6;true;6/24/2023;VIERNES
Love Ranch;; Taylor Hackford;; MPI Media Group  ;13%;52;28%;1,235;false;05/08/2023;LUNES
The Red Sea Diving Resort;; Gideon Raff;; Netflix  ;30%;40;80%;721;true;6/27/2023;JUEVES
The Hustle;; Chris Addison;; MGM  ;14%;157;44%;3,394;true;06/09/2022;VIERNES
Light of My life;; Casey Affleck;; Saban Films  ;81%;53;76%;308;false;5/19/2023;VIERNES
Girls of the Sun (Les filles du soleil);; Eva Husson;; Cohen Media Group  ;45%;49;85%;28;false;01/12/2023;LUNES
A Dog's Journey;; Gail Mancuso;; Universal Pictures  ;50%;84;92%;2,875;true;7/24/2022;VIERNES
Rocketman;; Dexter Fletcher;; Paramount Pictures  ;89%;362;88%;21,649;true;9/22/2022;JUEVES
Red Joan;; Trevor Nunn;; IFC Films  ;30%;144;56%;199;false;12/04/2022;VIERNES
Otherhood;; Cindy Chupack;; Netflix  ;25%;24;56%;179;true;02/02/2023;VIERNES
Charlie Says;; Mary Harron;; IFC Films  ;59%;70;77%;175;true;06/04/2023;JUEVES
Nekrotronic;; Kiah Roache-Turner;; Momentum Pictures  ;40%;20;72%;49;true;8/15/2022;VIERNES
Brightburn;; David Yarovesky;; Screen Gems  ;57%;198;67%;4,331;false;11/03/2022;LUNES
Amazing Grace;; Apr 5, 2019 limited;; NEON  ;99%;153;81%;310;true;10/16/2022;LUNES
All Is True;; Kenneth Branagh;; Sony Pictures Classics  ;72%;135;69%;252;false;07/10/2023;LUNES
The Last Black Man in San Francisco;; Joe Talbot;; A24  ;93%;198;84%;506;true;01/04/2023;JUEVES
Unplanned;; Chuck Konzelman,  Cary Solomon;; Pure Flix  ;40%;25;90%;5,234;true;8/30/2022;LUNES
Ode to Joy;; Jason Winer;; IFC Films  ;46%;28;72%;36;false;2/16/2023;JUEVES
15 Minutes of War (L'intervention);; Fred Grivois;; Blue Fox Entertainment  ;43%;7;71%;7;false;1/15/2023;JUEVES
Every Time I Die;; Robi Michael;; Gravitas Ventures  ;100%;8;57%;47;false;12/28/2022;JUEVES
The Night Sitter;; John Rocco,  Abiel Bruhn;; Roller Disco Massacre  ;75%;8;59%;35;false;11/13/2022;VIERNES
A Score to Settle;; Shawn Ku;; RLJE Films  ;15%;20;22%;55;false;10/21/2022;VIERNES
Coyote Lake;; Sara Seligman;; Cranked Up Films  ;83%;6;88%;34;true;09/09/2022;LUNES
Madness in the Method;; Jason Mewes;; Straightwire Films  ;25%;8;61%;36;true;7/20/2023;JUEVES
Avengers: Endgame;; Joe Russo,  Anthony Russo;; Marvel Studios  ;94%;505;90%;68,832;false;01/10/2023;VIERNES
UglyDolls;; Kelly Asbury;; STXfilms  ;27%;85;55%;1,039;true;02/04/2023;VIERNES
Long Shot;; Jonathan Levine;; Summit Entertainment  ;82%;283;75%;4,619;false;10/09/2022;LUNES
Pokémon Detective Pikachu;; Rob Letterman;; Warner Bros. Pictures  ;69%;294;79%;16,247;true;02/11/2023;JUEVES
Fast Color;; Julia Hart;; LD Entertainment  ;82%;83;65%;217;true;9/17/2022;JUEVES
Iron Sky: The Coming Race;; Timo Vuorensola;; Vertical Entertainment  ;29%;7;29%;78;true;1/20/2023;VIERNES
The Curse of La Llorona;; Michael Chaves;; New Line Cinema  ;29%;178;38%;1,795;true;8/30/2022;JUEVES
Teen Spirit;; Max Minghella;; LD Entertainment and Bleecker Street  ;71%;127;58%;254;false;3/25/2023;JUEVES
The Wedding Guest;; Michael Winterbottom;; IFC Films  ;43%;69;34%;74;true;7/16/2023;VIERNES
El Chicano;; Ben Hernandez Bray;; Briarcliff Entertainment  ;38%;24;57%;132;true;05/12/2023;VIERNES
Master Z: Ip Man Legacy;; Woo-ping Yuen;; Well Go USA Entertainment  ;89%;36;69%;131;false;02/08/2023;JUEVES
Girls with Balls;; Olivier Afonso;; Netflix  ;42%;12;23%;43;false;3/14/2023;VIERNES
The Souvenir;; Joanna Hogg;; A24  ;90%;167;36%;488;true;3/31/2023;JUEVES
The Great Hack;; Jehane Noujaim,  Karim Amer;; Netflix  ;88%;50;63%;342;false;11/10/2022;JUEVES
Tolkien;; Dome Karukoski;; Fox Searchlight Pictures  ;50%;193;73%;1,109;true;08/04/2023;VIERNES
Sword of Trust;; Lynn Shelton;; IFC Films  ;93%;90;66%;137;false;6/17/2022;JUEVES
Supervized;; Steve Barron;; Great Point Media  ;44%;9;44%;9;false;8/14/2023;VIERNES
The Son (El hijo);; Sebastian Schindel;; Netflix  ;82%;11;75%;8;false;8/26/2022;LUNES
Astronaut;; Shelagh McLeod;; Quiver Distribution  ;57%;35;62%;32;false;5/13/2023;LUNES
She's Just a Shadow;; Adam Sherman;; Breaking Glass Pictures  ;20%;5;40%;5;false;6/29/2022;VIERNES
Above the Shadows;; Claudia Myers;; Gravitas Ventures  ;57%;7;80%;20;true;10/24/2022;LUNES
Critters Attack!;; Bobby Miller;; Warner Bros. Home Entertainment  ;44%;16;31%;13;false;7/18/2023;JUEVES
Bottom of the 9th;; Raymond De Felitta;; Saban Films  ;69%;13;79%;28;true;06/02/2023;LUNES
See You Soon;; David Mahmoudieh;; Vertical Entertainment  ;33%;6;60%;15;true;03/07/2023;VIERNES
Into the Ashes;; Aaron Harvey;; RLJE Films  ;28%;18;34%;35;false;8/16/2023;JUEVES
Shazam!;; David F. Sandberg;; New Line Cinema  ;90%;392;82%;16,459;true;03/07/2023;VIERNES
The Edge of Love;; John Maybury;; MPI Media Group  ;37%;59;43%;53,725;true;2/21/2023;VIERNES
Phil;; Greg Kinnear;; Quiver Distribution  ;21%;24;47%;15;true;03/07/2023;VIERNES
Ophelia;; Claire McCarthy;; IFC Films  ;61%;127;60%;5;false;06/09/2022;LUNES
Alita: Battle Angel;; Robert Rodriguez;; 20th Century Fox  ;61%;313;92%;33,308;false;8/29/2022;VIERNES
Hellboy;; Neil Marshall;; Summit Entertainment  ;17%;208;49%;4,505;true;04/04/2023;VIERNES
Pet Sematary;; Kevin Kölsch,  Dennis Widmyer;; Paramount Pictures  ;58%;266;33%;3,341;true;9/22/2022;VIERNES
Styx;; Wolfgang Fischer;; Beta Cinema  ;95%;39;70%;65;true;08/05/2022;VIERNES
Breakthrough;; Roxann Dawson;; 20th Century Fox  ;61%;62;79%;1,159;true;04/02/2023;VIERNES
Little Woods;; Nia DaCosta;; NEON  ;96%;94;54%;218;true;6/25/2022;JUEVES
Missing Link;; Chris Butler;; Annapurna Pictures  ;89%;160;67%;828;false;08/10/2022;LUNES
The Public;; Emilio Estevez;; Universal Pictures  ;65%;91;79%;202;true;7/27/2023;VIERNES
After;; Jenny Gage;; Aviron Pictures  ;17%;35;71%;2,458;false;07/12/2022;JUEVES
Skin in the Game;; Adisa ;; Kandoo Films  ;67%;6;64%;11;false;08/03/2022;JUEVES
The Best of Enemies;; Robin Bissell;; STXfilms  ;53%;77;76%;477;true;01/10/2023;VIERNES
An Acceptable Loss;; Joe Chappelle;; IFC Films  ;13%;32;77%;94;false;2/13/2023;JUEVES
Mia and the White Lion;; Gilles de Maistre;; Ledafilms Entertainment Group  ;88%;17;56%;62;false;8/19/2022;VIERNES
Summer Night;; Joseph Cross;; Samuel Goldwyn Films  ;55%;20;39%;18;true;6/13/2022;LUNES
Trespassers;; Orson Oblowitz;; IFC Midnight  ;59%;29;31%;29;true;11/13/2022;VIERNES
Saving Zoë;; Jeffrey G. Hunt;; Blue Fox Entertainment  ;0%;6;49%;57;false;1/30/2023;LUNES
Miss Arizona;; Autumn McAlpin;; Cinedigm  ;50%;6;57%;7;true;1/29/2023;JUEVES
Aziz Ansari: Right Now;; Spike Jonze;; Netflix  ;84%;31;73%;75;true;4/22/2023;LUNES
Between the Lines;; Joan Micklin Silver;; Cohen Media Group  ;92%;13;54%;117;true;2/20/2023;VIERNES
Wonder Park;; Josh Appelbaum,  André Nemec,  Robert Gordon;; Paramount Animation  ;34%;104;44%;641;false;6/15/2023;LUNES
Under the Silver Lake;; David Robert Mitchell;; A24  ;58%;148;55%;471;false;06/08/2022;LUNES
Euphoria;; Lisa Langseth;; Freestyle Releasing  ;19%;26;38%;32;false;11/08/2022;LUNES
Burn Your Maps;; Jordan Roberts;; Vertical Entertainment  ;64%;14;83%;47;false;7/30/2022;JUEVES
The Aftermath;; James Kent;; Fox Searchlight Pictures  ;27%;146;50%;334;true;06/12/2022;VIERNES
May It Last: A Portrait of the Avett Brothers;; Judd Apatow,  Michael Bonfiglio;; Apatow Productions  ;89%;9;98%;300;true;5/21/2023;VIERNES
Dumbo;; Tim Burton;; Walt Disney Pictures  ;47%;352;49%;4,314;true;12/17/2022;LUNES
Maze;; Stephen Burke;; Lightyear Entertainment  ;100%;12;49%;55;false;5/26/2023;JUEVES
Swinging Safari;; Stephan Elliott;; Blue Fox Entertainment  ;77%;26;57%;23;true;1/15/2023;LUNES
Hale County This Morning;; NR;;   76 minutes    ; The Cinema Guild  ;97%;68;37%;false;12/23/2022;JUEVES
Transit;; Christian Petzold;; Music Box Films  ;94%;169;64%;157;false;02/12/2023;VIERNES
High Life;; Claire Denis;; A24  ;82%;223;42%;912;false;1/21/2023;JUEVES
Little;; Tina Gordon Chism;; Universal Pictures  ;47%;151;60%;1,375;false;8/22/2022;LUNES
Perfect;; Eddie Alcazar;; Brainfeeder Films  ;17%;12;54%;13;true;12/24/2022;JUEVES
Beats;; Chris Robinson;; Netflix  ;89%;9;57%;96;true;8/21/2023;LUNES
Nightmare Cinema;; Alejandro Brugués,  Joe Dante,  Ryuhei Kitamura,  David Slade,  Mick Garris;; Cranked Up Productions  ;77%;44;46%;152;false;6/20/2022;VIERNES
The Beach Bum;; Harmony Korine;; NEON  ;56%;117;29%;661;false;07/06/2022;VIERNES
Giant Little Ones;; Keith Behrman;; Vertical Entertainment  ;93%;56;83%;194;true;8/13/2023;VIERNES
Hotel Mumbai;; Anthony Maras;; Bleecker Street  ;76%;204;86%;912;true;8/18/2023;JUEVES
The Hummingbird Project;; Kim Nguyen (IV);; The Orchard  ;57%;115;51%;193;true;6/25/2022;VIERNES
The Command (Kursk);; Thomas Vinterberg;; Saban Films  ;69%;49;59%;88;true;04/05/2023;JUEVES
Ghost Light;; John Stimpson;; Giant Pictures  ;74%;23;65%;21;true;7/31/2023;JUEVES
Run the Race;; Chris Dowling;; Roadside Attractions  ;40%;10;84%;323;false;9/28/2022;VIERNES
The Edge of Democracy;; Petra Costa;; Netflix  ;97%;33;67%;551;true;05/11/2023;JUEVES
The Wolf's Call (Le chant du loup);; Antonin Baudry;; Netflix  ;92%;12;69%;116;false;02/11/2023;VIERNES
The Quiet One;; Oliver Murray;; IFC Films  ;67%;33;88%;8;false;4/26/2023;JUEVES
Killers Anonymous;; Martin Owen;; Lionsgate  ;0%;9;19%;77;true;3/31/2023;JUEVES
The Poison Rose;; George Gallo;; Lionsgate  ;0%;6;24%;144;true;10/01/2022;JUEVES
Captain Marvel;; Anna Boden,  Ryan Fleck;; Marvel Studios  ;78%;504;48%;94,729;false;04/05/2023;VIERNES
Katie Says Goodbye;; Wayne Roberts;; Vertical Entertainment  ;42%;19;75%;88;false;6/13/2022;VIERNES
SoulMate;; Derek Tsang;; Cheng Cheng Films  ;100%;8;78%;136;false;3/19/2023;JUEVES
Hampstead;; Joel Hopkins;; IFC Films  ;44%;59;40%;407;false;7/28/2023;JUEVES
Captive State;; Rupert Wyatt;; Focus Features  ;43%;74;37%;710;true;03/01/2023;JUEVES
Tyler Perry's A Madea Family Funeral;; Tyler Perry;; Lionsgate  ;12%;34;30%;711;false;4/13/2023;VIERNES
Wonders of the Sea;; Jean-Jacques Mantello,  Jean-Michel Cousteau;; Fathom Events  ;76%;17;100%;14;true;11/03/2022;JUEVES
Momentum Generation;; Jeff Zimbalist,  Michael Zimbalist;; HBO Sports  ;100%;6;100%;53;false;5/25/2023;JUEVES
Five Feet Apart;; Justin Baldoni;; CBS Films  ;54%;117;79%;824;true;02/09/2023;LUNES
Head Count;; Elle Callahan;; Samuel Goldwyn Films  ;65%;17;44%;132;true;3/18/2023;JUEVES
Leprechaun Returns;; Steven Kostanski;; Lionsgate  ;38%;8;48%;122;true;11/13/2022;LUNES
The Mustang;; Laure de Clermont-Tonnerre;; Focus Features  ;94%;127;74%;432;true;7/16/2023;VIERNES
I Am Mother;; Grant Sputore;; Netflix  ;90%;72;76%;887;false;7/21/2023;JUEVES
Framing John DeLorean;; Don Argott,  Sheena M. Joyce;; IFC Films  ;89%;45;75%;91;false;7/25/2023;JUEVES
Plus One;; Jeff Chan,  Andrew Rhymer;; RLJE Films  ;88%;60;81%;315;false;01/05/2023;LUNES
Batman vs Teenage Mutant Ninja Turtles;; Jake Castorena;; Warner Bros.  ;100%;12;84%;202;true;12/22/2022;JUEVES
The Child Remains;; Michael Melski;; Uncork'd Entertainment  ;0%;6;38%;8;true;06/07/2023;VIERNES
All Is Well (Alles ist gut);; Eva Trobisch;; Netflix  ;100%;11;67%;12;true;06/11/2023;LUNES
How to Train Your Dragon: The Hidden World;; Dean DeBlois;; Universal Pictures  ;91%;254;86%;56,128;true;08/04/2022;VIERNES
Mapplethorpe;; Ondi Timoner;; Samuel Goldwyn Films  ;30%;50;64%;43;false;04/12/2023;JUEVES
The Upside;; Neil Burger;; STXfilms  ;41%;176;82%;3,989;true;2/14/2023;LUNES
Tater Tot & Patton;; Andrew Kightlinger;; Bunker 15 Films  ;85%;20;89%;42;true;05/06/2023;LUNES
See You Yesterday;; Stefon Bristol;; Netflix  ;95%;38;34%;188;true;10/13/2022;VIERNES
Funny Story;; Michael J. Gallagher;; Blue Fox Entertainment  ;83%;18;72%;46;false;07/07/2023;LUNES
Say Her Name: The Life and Death of Sandra Bland;; David Heilbroner;; HBO  ;100%;10;53%;28;false;4/14/2023;VIERNES
Always Be My Maybe;; Nahnatchka Khan ;; Netflix  ;89%;90;81%;1,77;false;09/12/2022;LUNES
Rim of the World;; McG;; Netflix  ;23%;13;27%;169;false;6/18/2023;LUNES
Apollo 11;; Todd Douglas Miller;; NEON  ;99%;177;90%;954;true;07/04/2022;JUEVES
Cold Pursuit;; Hans Petter Moland;; Summit Entertainment  ;69%;178;50%;2,499;true;1/18/2023;JUEVES
Gloria Bell;; Sebastián Lelio;; A24  ;91%;194;44%;569;true;7/23/2022;JUEVES
Greta;; Neil Jordan;; Focus Features  ;60%;257;42%;838;false;12/09/2022;JUEVES
ANIARA;; Pella Kågerman,  Hugo Lilja;; Magnet Releasing  ;70%;47;61%;82;true;11/27/2022;LUNES
Starfish;; A.T. White,  A..T. White;; We Are Tessellate  ;90%;59;47%;123;true;7/18/2022;JUEVES
The Perfection;; Richard Shepard;; Netflix  ;73%;90;58%;416;true;07/08/2023;VIERNES
Happy Death Day 2U;; Feb 13, 2019 wide;; Universal Pictures  ;70%;197;58%;2,785;false;07/03/2023;JUEVES
The Brink;; Alison Klayman;; Magnolia Pictures  ;84%;99;56%;39;true;3/13/2023;VIERNES
The Kid;; Vincent D'Onofrio;; Lionsgate  ;45%;40;46%;231;true;7/26/2022;VIERNES
Avengement;; Jesse V. Johnson;; Samuel Goldwyn Films  ;83%;18;70%;132;false;12/25/2022;LUNES
Isabelle;; Robert Heydon;; Vertical Entertainment  ;8%;13;22%;9;false;02/06/2023;JUEVES
The Professor;; Wayne Roberts;; Saban Films  ;10%;20;76%;430;true;11/18/2022;LUNES
Domino;; Brian DePalma;; Saban Films  ;33%;69;18%;71;false;1/28/2023;LUNES
The LEGO Movie 2: The Second Part;; Mike Mitchell;; Warner Bros. Pictures  ;85%;283;68%;28,524;true;7/21/2023;LUNES
The Great Buddha+;; Hsin-yao Huang;; Cheng Cheng Films  ;88%;17;82%;124;false;07/11/2023;LUNES
What Men Want;; Adam Shankman;; Paramount Pictures  ;42%;139;33%;2,017;true;7/13/2023;JUEVES
Blaze;; Ethan Hawke;; Sundance Selects  ;95%;88;71%;816;true;11/19/2022;JUEVES
Scary Stories;; Cody Meirick;; Wild Eye Selects  ;80%;10;70%;46;true;12/13/2022;LUNES
Serenity;; Steven Knight;; Aviron Pictures  ;20%;186;29%;1,436;true;7/25/2023;JUEVES
In Search of Greatness;; Gabe Polsky;; AOS  ;90%;20;85%;92;true;08/11/2023;LUNES
Everybody Knows (Todos lo saben);; Asghar Farhadi;; Focus Features  ;78%;175;61%;611;true;04/11/2023;LUNES
Arctic;; Joe Penna;; Bleecker Street  ;89%;141;79%;1,808;false;04/05/2023;VIERNES
Lost & Found;; Liam O Mochain;; Gravitas Ventures  ;73%;15;38%;8;true;06/12/2023;LUNES
The Prodigy;; Nicholas McCarthy;; Orion Pictures  ;42%;78;37%;842;true;03/12/2023;LUNES
The Last Summer;; William Bindley;; Netflix  ;17%;6;28%;47;true;7/30/2023;LUNES
J.T. LeRoy;; Justin Kelly;; Universal Pictures  ;55%;83;40%;47;false;05/02/2023;JUEVES
Dragged Across Concrete;; S. Craig Zahler;; Summit Entertainment  ;75%;136;69%;598;false;03/02/2023;LUNES
Clara;; Akash Sherman;; Serendipity Point Films  ;48%;23;90%;73;false;1/20/2023;JUEVES
Extremely Wicked;; R (for disturbing/violent content, some sexuality, nudity and language);;   110 minutes    ; Netflix  ;55%;178;57%;false;06/10/2023;VIERNES
Knock Down the House;; Rachel Lears;; Netflix  ;100%;102;18%;2,808;true;4/16/2023;JUEVES
Wine Country;; Amy Poehler;; Netflix  ;66%;83;30%;412;true;08/12/2023;LUNES
Body at Brighton Rock;; Roxanne Benjamin;; Magnolia Pictures  ;66%;41;21%;57;false;3/26/2023;JUEVES
I Trapped The Devil;; Josh Lobo;; IFC Midnight  ;75%;36;38%;85;false;05/01/2023;JUEVES
Room for Rent;; Tommy Stovall;; Uncork'd Entertainment  ;82%;11;55%;60;false;7/24/2022;LUNES
I'll Take Your Dead;; Chad Archibald;; SHOUT! STUDIOS  ;64%;14;54%;41;false;02/05/2023;VIERNES
The Man Who Killed Don Quixote;; Terry Gilliam;; Screen Media Films  ;63%;119;64%;393;false;5/14/2023;LUNES
Mary Magdalene;; Garth Davis;; IFC Films  ;45%;110;48%;214;false;02/02/2023;VIERNES
Glass;; M. Night Shyamalan;; Universal Pictures  ;37%;373;68%;12,305;false;05/05/2023;VIERNES
Holmes and Watson;; Etan Cohen;; Columbia Pictures  ;10%;77;26%;3,778;false;7/21/2023;LUNES
Hagazussa: A Heathen's Curse (Hagazussa);; Lukas Feigelfeld;; Doppelgänger Releasing  ;96%;23;47%;109;true;05/01/2023;LUNES
Destroyer;; Karyn Kusama;; Annapurna Pictures  ;74%;259;50%;1,263;true;2/17/2023;LUNES
On the Basis of Sex;; Mimi Leder;; Focus Features  ;73%;245;76%;2,145;false;9/25/2022;LUNES
The Aspern Papers;; Julien Landais;; Cohen Media Group  ;19%;21;31%;31;true;05/06/2023;LUNES
A Dog's Way Home;; Charles Martin Smith;; Columbia Pictures  ;59%;79;71%;1,583;false;5/23/2023;JUEVES
Replicas;; Jeffrey Nachmanoff;; Entertainment Studios Motion Pictures  ;9%;53;34%;1,265;true;11/04/2022;LUNES
Mirai;; Mamoru Hosoda;; GKIDS  ;91%;80;79%;878;true;2/19/2023;JUEVES
Welcome to Marwen;; Robert Zemeckis;; Universal Pictures  ;35%;164;49%;1,613;true;6/13/2022;VIERNES
Bathtubs Over Broadway;; Dava Whisenant;; Focus Features  ;100%;32;91%;154;false;8/14/2023;JUEVES
Thriller;; Dallas Jackson;; Netflix  ;40%;25;18%;29;false;4/28/2023;LUNES
Escape Room;; Adam Robitel;; Columbia Pictures  ;51%;152;51%;2,389;false;12/01/2022;LUNES
Dragon Ball Super: Broly;; Tatsuya Nagamine;; FUNimation Films  ;84%;55;92%;3,358;false;07/10/2022;JUEVES
Justice League vs the Fatal Five;; Apr 16, 2019;; Warner Bros  ;100%;8;63%;62;true;12/05/2022;VIERNES
Someone Great;; Jennifer Kaytin Robinson;; Netflix  ;82%;51;65%;510;true;3/16/2023;VIERNES
Crypto;; John Stalberg, Jr.;; Lionsgate  ;17%;6;59%;79;false;7/21/2023;VIERNES
The Perfect Date;; Chris Nelson;; Netflix  ;65%;17;37%;508;true;07/11/2022;VIERNES
Long Lost;; Erik Bloomquist;; Indie Rights  ;75%;8;76%;54;false;04/09/2023;VIERNES
A Fortunate Man (Lykke-Per);; Bille August;; Netflix  ;80%;5;71%;53;false;01/07/2023;VIERNES
Black Site;; Tom Paton;; Epic Pictures  ;71%;7;12%;18;true;12/25/2022;LUNES
Homecoming: A Film by Beyoncé;; Beyoncé Knowles;; Netflix  ;98%;54;87%;1,631;true;1/21/2023;JUEVES
The Squeeze;; Roger Young;; HBO Video  ;14%;7;30%;348;false;10/09/2022;VIERNES
The Uncondemned;; Nick Louvel,  Michele Mitchell;; Film at Eleven  ;100%;13;100%;124;false;02/03/2023;LUNES
Triple Threat;; Jesse V. Johnson;; Well Go USA Entertainment  ;68%;31;35%;199;true;6/27/2023;JUEVES
Bumblebee;; Travis Knight;; Paramount Pictures  ;91%;237;74%;9,606;true;7/20/2023;JUEVES
Unicorn Store;; Brie Larson;; Netflix  ;64%;84;41%;1,547;false;09/11/2022;LUNES
A Vigilante;; Sarah Daggar-Nickson;; Saban Films  ;92%;36;48%;270;true;6/24/2022;LUNES
Diane;; Kent Jones;; IFC Films  ;93%;91;69%;77;true;6/18/2022;VIERNES
The Legend of Cocaine Island;; Theo Love;; Netflix  ;78%;18;66%;132;true;6/17/2022;VIERNES
Capernaum (Capharnaüm);; Nadine Labaki;; Sony Pictures Classics  ;90%;164;92%;1,137;false;8/20/2023;JUEVES
White Chamber;; Paul Raschid;; Dark Sky Films  ;43%;7;20%;35;false;07/07/2022;LUNES
Tucked;; Jamie Patterson;; Gravitas Ventures  ;94%;17;52%;50;true;7/29/2023;JUEVES
MFKZ;; Guillaume Renard,  Shoujirou Nishimi;; Fathom Events  ;41%;17;83%;185;true;9/29/2022;LUNES
Vice;; Adam McKay;; Annapurna Pictures  ;66%;344;59%;4,885;true;7/17/2023;LUNES
The Great Buster: A Celebration;; Peter Bogdanovich;; Cohen Media Group  ;93%;44;91%;112;false;6/28/2023;JUEVES
The Wind;; Emma Tammi;; IFC Midnight  ;81%;63;50%;175;false;7/14/2023;JUEVES
Out of Blue;; Carol Morley;; IFC Films  ;37%;63;33%;34;false;12/25/2022;JUEVES
Screwball;; Billy Corben;; Greenwich Entertainment  ;94%;31;92%;50;false;12/21/2022;LUNES
The Mule;; Clint Eastwood;; Warner Bros. Pictures  ;70%;183;66%;3,994;true;11/15/2022;VIERNES
The Haunting of Sharon Tate;; Daniel Farrands;; Saban Films  ;19%;32;31%;160;true;2/15/2023;LUNES
Rust Creek;; Jen McGowan;; IFC Midnight  ;84%;44;66%;563;false;3/31/2023;LUNES
Mirage (Durante la tormenta);; Oriol Paulo;; Netflix  ;75%;8;73%;200;false;07/06/2022;VIERNES
The Highwaymen;; John Lee Hancock;; Netflix  ;57%;134;73%;1,202;true;5/27/2023;VIERNES
Nancy Drew and the Hidden Staircase;; Katt Shea;; Warner Bros.  ;67%;24;63%;150;false;3/15/2023;VIERNES
The Dirt;; Jeff Tremaine;; Netflix  ;38%;71;94%;6,619;false;8/31/2022;JUEVES
American Relapse;; Pat McGee,  Adam Linkenhelt;; Gravitas Ventures  ;100%;8;83%;38;true;1/23/2023;VIERNES
The Head Hunter;; Jordan Downey;; Vertical Entertainment  ;100%;13;56%;210;false;10/29/2022;LUNES
Sobibor;; Konstantin Khabenskiy;; Samuel Goldwyn Films  ;75%;16;42%;52;false;9/28/2022;VIERNES
Fantastic Beasts: The Crimes of Grindelwald;; David Yates (II);; Warner Bros. Pictures  ;36%;314;54%;14,82;false;06/03/2023;VIERNES
The Mercy;; James Marsh;; StudioCanal  ;74%;81;32%;342;false;7/27/2022;VIERNES
Chimera Strain;; Maurice Haeems;; Vertical Entertainment  ;60%;5;93%;392;false;07/05/2023;JUEVES
Never Grow Old;; Ivan Kavanagh;; Saban Films  ;90%;21;64%;105;false;08/05/2023;LUNES
Second Act;; Peter Segal;; STXfilms  ;45%;107;44%;1,177;true;4/20/2023;VIERNES
Becoming Astrid (Unga Astrid);; Pernille Fischer Christensen;; Music Box Films  ;96%;28;83%;196;true;8/15/2022;JUEVES
Prospect;; Zeek Earl,  Christopher Caldwell (II) ;; DUST  ;89%;45;70%;1,014;false;05/03/2023;JUEVES
A Tuba to Cuba;; Danny Clinch,  T.G. Herrington;; Nom de Guerre Films  ;100%;11;83%;188;true;8/20/2023;JUEVES
Time For Ilhan;; Norah Shapiro;; Gooddocs  ;94%;17;41%;60;true;2/28/2023;JUEVES
The Clovehitch Killer;; Duncan Skiles;; IFC Midnight  ;77%;31;68%;756;true;8/18/2023;JUEVES
Don't Go;; David Gleeson;; IFC Films  ;39%;23;24%;40;true;06/05/2023;LUNES
Vox Lux;; Brady Corbet;; NEON  ;61%;236;37%;984;true;8/14/2022;JUEVES
Pokémon the Movie: The Power of Us;; Tetsuo Yajima;; Oriental Light and Magic  ;71%;7;68%;173;true;11/08/2022;VIERNES
Mission of Honor;; David Blair;; Cinedigm  ;83%;6;45%;64;false;1/30/2023;JUEVES
Lady J (Mademoiselle de Joncquières);; Emmanuel Mouret;; Netflix  ;83%;12;67%;63;false;10/18/2022;VIERNES
Book of Monsters;; Stewart Sparke;; Epic Pictures  ;75%;8;45%;56;false;10/02/2022;LUNES
Big Kill;; Scott Martin;; Archstone Distribution  ;22%;9;65%;78;true;06/07/2022;JUEVES
Level 16;; Danishka Esterhazy;; Dark Sky Films  ;82%;22;64%;91;true;1/26/2023;VIERNES
30 Miles from Nowhere;; Caitlin Koller;; Film Camp Productions  ;80%;10;50%;85;false;5/19/2023;VIERNES
The Vanishing;; Kristoffer Nyholm;; Saban Films  ;85%;39;48%;627;false;10/06/2022;JUEVES
Finding Steve McQueen;; Mark Steven Johnson;; Momentum Pictures  ;52%;23;67%;73;false;6/26/2023;JUEVES
The Cannibal Club;; Guto Parente;; Uncork'd Entertainment  ;57%;14;73%;11;true;6/17/2023;JUEVES
Stray;; Joe Sill;; Screen Media Films  ;57%;7;20%;15;true;12/07/2022;VIERNES
Amy Schumer Growing;; Amy Schumer;; Netflix  ;79%;14;7%;113;true;01/12/2023;LUNES
Juanita;; Clark Johnson;; Netflix  ;80%;15;65%;97;true;3/20/2023;VIERNES
Honeyglue;; James Bird;; Zombot Pictures  ;36%;11;69%;58;false;07/04/2022;VIERNES
A Star Is Born;; Bradley Cooper;; Warner Bros. Pictures  ;90%;501;79%;20,023;true;12/06/2022;LUNES
Ralph Breaks the Internet;; Phil Johnston,  Rich Moore;; Walt Disney Animation Studios  ;88%;266;65%;8,438;false;05/01/2023;LUNES
Mortal Engines;; Christian Rivers;; Universal Pictures  ;26%;182;49%;3,891;true;10/31/2022;JUEVES
Mary Queen of Scots;; Josie Rourke;; Focus Features  ;62%;274;41%;2,564;true;05/02/2023;LUNES
The Changeover;; Stuart McKenzie,  Miranda Harcourt;; Vertical Entertainment  ;69%;32;68%;260;true;12/19/2022;LUNES
The Unseen;; Geoff Redknap;; Monarch Home Entertainment  ;100%;8;55%;244;false;05/03/2023;LUNES
Life After Flash;; Lisa Downs;; Cleopatra Entertainment  ;88%;8;83%;36;true;7/25/2022;LUNES
Instant Family;; Sean Anders;; Paramount Pictures  ;81%;145;82%;3,315;false;7/25/2022;JUEVES
Spider-Man: Into the Spider-Verse;; Bob Persichetti,  Peter Ramsey,  Rodney Rothman;; Sony Pictures  ;97%;375;93%;19,35;false;6/25/2023;LUNES
Patrick;; Mandie Fletcher;; Screen Media Films  ;36%;33;60%;99;true;4/15/2023;VIERNES
The Last Race;; Michael Dweck;; Magnolia Pictures  ;93%;15;61%;114;false;8/17/2022;JUEVES
Lords of Chaos;; Jonas Åkerlund;; 20th Century Fox  ;74%;72;62%;541;true;11/07/2022;LUNES
The World Before Your Feet;; Jeremy Workman;; Greenwich Entertainment  ;100%;29;73%;238;true;03/04/2023;JUEVES
The Breaker Upperers;; Jackie van Beek,  Madeleine Sami;; Netflix  ;89%;45;51%;351;true;04/04/2023;JUEVES
Chi-Town;; Nick Budabin;; Full Court Films  ;100%;6;83%;67;true;07/10/2023;VIERNES
Border (Gräns);; Ali Abbasi;; NEON  ;97%;120;77%;1,142;false;07/12/2023;LUNES
Between Worlds;; Maria Pulera;; Rise Up  ;29%;21;86%;610;false;1/27/2023;VIERNES
Ben is Back;; Peter Hedges;; LD Entertainment/Lionsgate/Roadside Attractions  ;82%;209;69%;1,235;false;06/07/2022;VIERNES
Green Book;; Peter Farrelly;; Universal Pictures  ;78%;341;91%;9,71;true;1/26/2023;JUEVES
Donnybrook;; Tim Sutton;; IFC Films  ;38%;45;40%;81;false;11/11/2022;LUNES
Backtrace;; Brian A. Miller;; Lionsgate Premiere  ;11%;9;24%;92;true;12/08/2022;LUNES
The Boy Who Harnessed the Wind;; Chiwetel Ejiofor;; Netflix  ;86%;59;88%;299;false;7/17/2022;VIERNES
Trading Paint;; Karzan Kader ;; Saban Films  ;0%;12;33%;51;false;6/19/2023;VIERNES
Paddleton;; Alexandre Lehmann;; Netflix  ;90%;41;88%;511;false;10/30/2022;JUEVES
Paris Is Us;; Elisabeth Vogler;; Netflix  ;43%;7;38%;22;true;12/09/2022;LUNES
The Sisters Brothers;; Jacques Audiard;; Annapurna Pictures  ;87%;200;68%;2,431;false;10/24/2022;VIERNES
Robin Hood;; Otto Bathurst;; Summit Entertainment  ;15%;164;41%;3,497;false;12/25/2022;LUNES
Letters From Baghdad;; Zeva Oelbaum,  Sabine Krayenbühl;; Between the Rivers Productions  ;84%;37;61%;868;false;04/03/2023;LUNES
Bohemian Rhapsody;; Bryan Singer;; 20th Century Fox  ;60%;392;85%;22,872;false;5/14/2023;LUNES
Widows;; Steve McQueen (III);; 20th Century Fox  ;91%;396;61%;5,2;false;08/04/2023;JUEVES
Anna and the Apocalypse;; John McPhail ;; Orion Pictures  ;77%;119;62%;1,025;true;8/15/2023;LUNES
Rodents of Unusual Size;; Quinn Costello,  Chris Metzler,  Jeff Springer;; Tilapia Film  ;98%;41;90%;186;true;7/28/2023;LUNES
Among Wolves;; Shawn Convey;; MVD Entertainment Group  ;100%;12;91%;106;true;08/05/2023;VIERNES
The Happy Prince;; Rupert Everett;; Sony Pictures Classics  ;72%;132;51%;469;true;8/16/2023;JUEVES
Creed II;; Steven Caple Jr.;; MGM  ;84%;291;80%;5,439;false;06/05/2022;JUEVES
The Amityville Murders;; Daniel Farrands;; Skyline Entertainment  ;7%;15;52%;103;false;10/10/2022;LUNES
Under the Eiffel Tower;; Archie Borders;; The Orchard  ;41%;17;50%;54;true;12/21/2022;LUNES
Berlin;; R (for language, some sexual content and brief nudity);;   120 minutes    ; Saban Films  ;11%;18;29%;true;8/19/2022;VIERNES
Shoplifters (Manbiki kazoku);; Hirokazu Koreeda;; Magnolia Pictures  ;99%;219;91%;2,065;false;7/29/2023;JUEVES
The Front Runner;; Jason Reitman;; Columbia Pictures  ;60%;221;38%;547;true;07/02/2022;JUEVES
Possum;; Matthew Holness;; Dark Sky Films  ;90%;39;52%;372;true;09/05/2022;JUEVES
The Man Who Killed Hitler and Then The Bigfoot;; Robert D. Krzykowski;; RLJE Films  ;76%;90;51%;838;true;10/30/2022;LUNES
The Favourite;; Yorgos Lanthimos;; Fox Searchlight Pictures, Film4 and Waypoint  ;93%;387;69%;6,98;false;05/01/2023;VIERNES
At Eternity's Gate;; Julian Schnabel;; CBS Films  ;80%;175;63%;1,199;false;2/23/2023;VIERNES
Free Solo;; Elizabeth Chai Vasarhelyi,  Jimmy Chin;; Greenwich Entertainment  ;97%;147;93%;2,771;false;07/10/2023;VIERNES
St. Agatha;; Shaun Fletcher,  Sara Sometti Michaels,  Clint Sears;; Uncork'd Entertainment  ;64%;25;36%;196;false;1/31/2023;LUNES
High Flying Bird;; Steven Soderbergh;; Netflix  ;93%;126;41%;34;true;5/31/2023;JUEVES
The Final Wish;; Timothy Woodward Jr.;; Cinedigm  ;89%;9;24%;283;false;07/05/2022;JUEVES
The Isle;; Matthew Butler-Hart ;; Brainstorm Media  ;67%;9;85%;527;false;5/22/2023;VIERNES
A Violent Man;; Matthew Berkowitz (III) ;; GVN Releasing  ;44%;9;72%;139;false;10/19/2022;VIERNES
Beneath the Leaves;; Adam Marino;; Vertical Entertainment  ;20%;5;8%;60;true;04/02/2023;JUEVES
Period. End of Sentence.;; Rayka Zehtabchi;; Netflix  ;83%;6;87%;93;true;3/17/2023;JUEVES
The Grinch;; Scott Mosier,  Yarrow Cheney;; Universal Pictures  ;59%;184;50%;12,851;false;9/20/2022;JUEVES
Then Came You;; Peter Hutchings;; SHOUT! STUDIOS  ;59%;22;78%;226;true;5/20/2023;JUEVES
The Nutcracker and the Four Realms;; Lasse Hallstrom,  Joe Johnston;; Walt Disney Pictures  ;33%;200;33%;2,27;true;11/29/2022;JUEVES
Lu Over the Wall (Yoake tsugeru Rû no uta);; Masaaki Yuasa;; GKIDS  ;76%;42;67%;128;true;1/28/2023;LUNES
Overlord;; Julius Avery;; Paramount Pictures  ;81%;209;67%;3,965;true;8/16/2022;JUEVES
Boy Erased;; Joel Edgerton;; Focus Features  ;81%;249;74%;2,36;false;6/28/2023;JUEVES
Postcards From London;; Steve McLean;; Diablo Films  ;50%;14;33%;65;true;02/09/2023;LUNES
Piercing;; Nicolas Pesce;; Greenwich Entertainment  ;72%;92;43%;254;false;05/03/2023;JUEVES
The Guilty (Den skyldige);; Gustav Möller;; Magnolia Pictures  ;98%;113;87%;1,304;false;2/14/2023;VIERNES
Black '47;; Lance Daly;; IFC Films  ;78%;55;76%;753;false;06/07/2022;JUEVES
The Wife;; Björn Runge;; Sony Pictures Classics  ;86%;214;77%;2,239;true;5/30/2023;LUNES
A Private War;; Matthew Heineman;; Aviron Pictures  ;87%;135;64%;1,37;false;12/09/2022;VIERNES
The Unicorn;; Robert Schwartzman;; The Orchard  ;91%;11;67%;210;true;7/19/2023;LUNES
A Breath Away (Dans la brume);; Daniel Roby;; Gravitas Ventures  ;45%;11;47%;77;true;08/02/2022;VIERNES
Braid;; Mitzi Peirone;; Blue Fox Entertainment  ;86%;22;59%;241;true;07/07/2023;LUNES
Suspiria;; Luca Guadagnino;; Amazon Studios  ;65%;315;66%;2,557;false;01/09/2023;JUEVES
Burning (Beoning);; Chang-dong Lee;; Well Go USA Entertainment  ;95%;186;82%;1,553;false;2/14/2023;JUEVES
Nobody's Fool;; Tyler Perry;; Paramount Pictures  ;24%;41;35%;650;false;12/06/2022;VIERNES
Slice;; Austin Vesely;; A24  ;57%;21;35%;231;true;5/26/2023;VIERNES
The Golem;; Doron Paz,  Yoav Paz;; Epic Pictures  ;88%;26;43%;230;false;8/13/2022;JUEVES
All the Devil's Men;; Matthew Hope;; Saban Films  ;23%;13;16%;63;false;7/21/2023;LUNES
Dear Ex;; Chih-Yen Hsu,  Mag Hsu;; Netflix  ;89%;9;86%;64;false;8/26/2022;JUEVES
The Hole in the Ground;; Lee Cronin;; A24  ;84%;86;49%;345;false;03/06/2023;VIERNES
Goosebumps 2: Haunted Halloween;; Ari Sandel;; Columbia Pictures  ;48%;94;39%;1,283;false;12/11/2022;LUNES
Halloween;; David Gordon Green;; Universal Pictures  ;79%;361;70%;9,503;true;09/10/2022;VIERNES
First Man;; Damien Chazelle;; Universal Pictures  ;86%;427;67%;8,538;false;9/17/2022;VIERNES
Mobile Homes;; Vladimir de Fontenay;; Dark Star Pictures, Uncork'd Entertainment  ;58%;19;37%;47;false;01/03/2023;JUEVES
Don't Come Back from the Moon;; Bruce Thierry Cheung;; Brainstorm Media  ;94%;16;71%;477;false;03/04/2023;VIERNES
The Hate U Give;; George Tillman Jr.;; 20th Century Fox  ;97%;215;82%;4,237;false;07/08/2022;VIERNES
The Bookshop;; Isabel Coixet;; Greenwich Entertainment  ;57%;104;49%;453;true;2/24/2023;VIERNES
The Last Suit (El último traje);; Pablo Solarz;; Outsider Pictures  ;78%;23;89%;101;false;03/08/2023;VIERNES
Madeline's Madeline;; Josephine Decker;; Oscilloscope Laboratories  ;88%;116;43%;338;true;7/14/2023;JUEVES
The Old Man & the Gun;; David Lowery;; Fox Searchlight Pictures  ;93%;264;61%;2,932;true;08/12/2022;LUNES
The Apparition (L'apparition);; Xavier Giannoli;; Music Box Films  ;72%;43;67%;63;true;1/27/2023;LUNES
Johnny English Strikes Again;; David Kerr;; Universal Pictures  ;37%;106;49%;1,839;false;5/27/2023;JUEVES
Here and Now (Blue Night);; Fabien Constant;; AMBI Distribution  ;23%;22;9%;64;true;06/08/2022;VIERNES
King of Thieves;; James Marsh;; Saban Films  ;35%;80;28%;372;true;10/08/2022;LUNES
Jonathan;; Bill Oliver;; Well Go USA Entertainment  ;65%;26;56%;189;true;10/30/2022;JUEVES
Egg;; Marianna Palka;; Gravitas Ventures  ;100%;11;40%;158;false;07/10/2023;LUNES
All These Small Moments;; Melissa B. Miller-Costanzo;; Orion Classics  ;82%;17;64%;58;false;03/05/2023;JUEVES
The Dark;; Justin P. Lange;; Dark Sky Films  ;87%;23;56%;483;true;1/27/2023;VIERNES
Girl;; Lukas Dhont;; Netflix  ;85%;60;71%;306;false;1/26/2023;LUNES
The Standoff at Sparrow Creek;; Henry Dunham;; RLJ Entertainment  ;77%;48;65%;245;false;1/13/2023;VIERNES
Soni;; Ivan Ayr;; Jabberwockee Talkies  ;87%;15;72%;40;false;5/18/2023;VIERNES
American Renegades;; Steven Quale;; EuropaCorp  ;11%;18;41%;5,841;false;04/05/2023;VIERNES
Speed Kills;; Jodi Scurfield;; Saban Films  ;0%;16;36%;81;false;4/21/2023;LUNES
I Hate Kids;; John Asher;; Freestyle Digital Media  ;22%;9;84%;94;true;05/02/2023;JUEVES
Dead Ant;; Ron Carlson;; Cinedigm  ;64%;14;48%;41;false;4/30/2023;JUEVES
Heartlock;; Jon Kauffman;; Dark Star Pictures  ;40%;5;73%;31;true;11/04/2022;LUNES
Polar;; Jonas Åkerlund;; Netflix  ;19%;47;63%;230;false;11/05/2022;JUEVES
Revenger;; Lee Seung-won;; Netflix  ;40%;5;52%;47;true;09/01/2022;LUNES
Equalizer 2;; Antoine Fuqua;; Columbia Pictures  ;52%;196;61%;4,761;false;6/27/2022;JUEVES
Marie Curie: The Courage of Knowledge;; Marie Noelle;; Big World Pictures  ;64%;25;55%;1,273;false;12/14/2022;LUNES
Scarred Hearts;; Radu Jude;; Big World Pictures  ;78%;18;86%;98;true;02/07/2023;JUEVES
Sgt. Stubby: An American Hero;; Richard Lanni;; Fun Academy Media Group  ;89%;45;93%;695;false;8/22/2022;VIERNES
Venom;; Ruben Fleischer;; Columbia Pictures  ;29%;337;80%;39,734;true;08/11/2022;LUNES
Smallfoot;; Karey Kirkpatrick;; Warner Bros. Pictures  ;76%;122;62%;2,116;true;08/03/2022;VIERNES
The House That Jack Built;; Lars von Trier;; IFC Films  ;57%;127;65%;1,37;true;11/29/2022;JUEVES
Scaffolding;; Matan Yair;; Breaking Glass Pictures  ;82%;11;80%;73;false;6/22/2022;JUEVES
Memoir of War (La douleur);; Emmanuel Finkiel;; Music Box Films  ;64%;39;47%;45;false;6/27/2023;VIERNES
The House with a Clock in Its Walls;; Eli Roth;; Universal Pictures  ;66%;209;45%;3,415;true;10/10/2022;LUNES
Assassination Nation;; Sam Levinson;; NEON  ;73%;131;55%;1,019;false;06/02/2023;LUNES
Lizzie;; Craig William Macneill;; Roadside Attractions  ;66%;145;48%;485;false;2/14/2023;VIERNES
Colette;; Wash Westmoreland;; Bleecker Street  ;87%;209;70%;1,428;false;5/17/2023;VIERNES
Welcome Home (The Getaway);; George Ratliff;; Vertical Entertainment  ;11%;9;35%;138;true;8/29/2022;JUEVES
I Still See You;; Scott Speer;; Lionsgate  ;8%;13;53%;241;false;06/09/2023;VIERNES
A Simple Favor;; Paul Feig;; Lionsgate  ;85%;239;73%;6,48;false;01/03/2023;LUNES
Galveston;; Mélanie Laurent;; RLJE Films  ;73%;52;54%;396;false;7/27/2023;VIERNES
Social Animals;; Jonathan Ignatius Green;; Subconscious Films  ;88%;17;74%;102;false;12/08/2022;LUNES
1985;; Yen Tan;; Wolfe Releasing  ;95%;44;81%;263;false;06/06/2023;JUEVES
Peppermint;; Pierre Morel;; STXfilms  ;12%;142;71%;3,138;true;04/01/2023;VIERNES
Maine;; Matthew Brown;; Orion Classics  ;56%;9;43%;42;true;6/19/2022;JUEVES
Little Women;; Clare Niederpruem;; Pinnacle Peak  ;27%;26;72%;227;false;7/28/2022;JUEVES
Roma;; Alfonso Cuarón;; Netflix  ;95%;377;72%;5,342;true;8/23/2022;LUNES
The Super;; Stephan Rick;; Saban Films  ;40%;10;68%;263;true;07/05/2022;JUEVES
Air Strike;; Xiao Feng;; Lionsgate  ;0%;5;12%;183;true;11/05/2022;JUEVES
River Runs Red;; Nov 9, 2018 limited;; Cinedigm  ;22%;9;78%;262;false;10/25/2022;VIERNES
Bird Box;; Susanne Bier;; Netflix  ;63%;156;57%;7,079;true;11/05/2022;JUEVES
Springsteen on Broadway;; Thom Zimny;; Netflix  ;96%;23;95%;124;false;09/01/2022;LUNES
Hunter Killer;; Donovan Marsh;; Summit Premiere  ;36%;107;69%;2,179;false;3/14/2023;LUNES
Wildlife;; Paul Dano;; IFC Films  ;93%;199;72%;1,801;false;02/03/2023;LUNES
White Boy Rick;; Yann Demange;; Columbia Pictures  ;59%;149;50%;1,615;false;11/11/2022;VIERNES
Night School;; Malcolm D. Lee;; Universal Pictures  ;27%;138;39%;2,371;false;2/21/2023;LUNES
The Rider;; Chloé Zhao;; Sony Pictures Classics  ;97%;176;82%;1,986;false;3/27/2023;VIERNES
Bad Times at the El Royale;; Drew Goddard;; 20th Century Fox  ;75%;243;73%;5,529;true;08/03/2022;LUNES
Hell Fest;; Gregory Plotkin;; Tucker Tooley Entertainment  ;41%;64;40%;821;false;07/03/2022;LUNES
Eating Animals;; Christopher Dillon Quinn;; IFC Films  ;91%;45;74%;346;false;5/16/2023;JUEVES
Far From the Tree;; Rachel Dretzin;; Sundance Selects  ;90%;40;94%;290;true;7/17/2022;JUEVES
What They Had;; Elizabeth Chomko;; Bleecker Street  ;87%;111;83%;640;true;06/04/2023;JUEVES
Bad Reputation;; Kevin Kerslake;; Magnolia Pictures  ;78%;36;86%;135;false;04/09/2023;LUNES
Monsters and Men;; Reinaldo Marcus Green;; NEON  ;86%;76;74%;488;false;1/30/2023;VIERNES
Spiral;; Laura Fairrie;; Cohen Media Group  ;40%;10;62%;42;true;04/04/2023;VIERNES
People's Republic of Desire;; Hao Wu;; Tripod Media  ;97%;32;74%;195;true;06/08/2023;LUNES
State Like Sleep;; Meredith Danluck;; The Orchard  ;38%;29;18%;97;true;4/14/2023;LUNES
Buffalo Boys;; Mike Wiluan;; Samuel Goldwyn Films  ;79%;33;43%;101;false;2/23/2023;VIERNES
Lifechanger;; Justin McConnell;; Uncork'd Entertainment  ;86%;21;64%;55;false;2/22/2023;LUNES
Mid90s;; Jonah Hill;; A24  ;81%;221;80%;2,597;false;7/26/2022;LUNES
The Oath;; Ike Barinholtz;; Roadside Attractions  ;63%;86;39%;421;true;11/19/2022;LUNES
Pledge;; Daniel Robbins;; IFC Midnight  ;76%;29;70%;641;false;3/27/2023;VIERNES
The Bouncer (Lukas);; Julien Leclercq;; Blue Fox Entertainment  ;80%;5;48%;87;true;7/15/2023;LUNES
Once Upon a Deadpool;; David Leitch;; 20th Century Fox  ;53%;58;53%;1,087;true;03/05/2023;LUNES
Ashes in the Snow;; Marius A. Markevicius;; Vertical Entertainment  ;50%;14;85%;352;true;01/04/2023;VIERNES
Sgt. Will Gardner;; Max Martini;; Cinedigm  ;22%;9;89%;246;false;01/03/2023;VIERNES
Rockaway;; John J. Budion;; Paladin  ;64%;11;96%;91;false;11/12/2022;VIERNES
Outlaws;; Stephen McCallum;; See Pictures  ;30%;10;38%;12;false;8/15/2023;LUNES
The Last Laugh;; Greg Pritikin;; Netflix  ;53%;15;37%;136;true;8/23/2022;VIERNES
The Meg;; Jon Turteltaub;; Warner Bros. Pictures  ;46%;290;42%;6,661;false;01/01/2023;LUNES
Alpha;; Albert Hughes;; Sony Pictures  ;80%;130;71%;3,854;true;6/28/2023;LUNES
The Domestics;; Mike P. Nelson;; Orion Classics  ;100%;5;48%;492;true;6/22/2022;JUEVES
The Third Murder (Sandome no satsujin);; Hirokazu Koreeda;; Fuji IG Laboratory for Movies  ;86%;80;67%;255;true;6/30/2022;JUEVES
The Captain (Der Hauptmann);; Robert Schwentke;; Music Box Films  ;83%;53;82%;615;true;12/02/2022;VIERNES
The Children Act;; Richard Eyre;; A24 and DIRECTV  ;73%;109;62%;643;false;7/24/2023;LUNES
The Rape Of Recy Taylor;; Nancy Buirski;; Augusta Films  ;94%;34;71%;114;false;6/19/2022;JUEVES
Anchor and Hope;; Carlos Marques-Marcet;; Wolfe Releasing  ;75%;28;71%;105;false;06/02/2023;LUNES
Crazy Rich Asians;; Jon M. Chu;; Warner Bros. Pictures  ;91%;342;76%;12,483;true;09/11/2022;LUNES
Kin;; Jonathan Baker,  Josh Baker;; Lionsgate  ;33%;90;54%;770;false;12/17/2022;VIERNES
Skate Kitchen;; Crystal Moselle;; Magnolia Pictures  ;90%;89;76%;419;false;11/05/2022;LUNES
Juliet;; R (for language);;   98 minutes    ; Lionsgate and Roadside Attractions  ;83%;161;74%;false;06/05/2022;LUNES
We the Animals;; Jeremiah Zagar;; The Orchard  ;93%;96;76%;688;false;9/29/2022;JUEVES
Searching;; Aneesh Chaganty;; Screen Gems  ;92%;243;87%;6,593;false;11/29/2022;VIERNES
Blindspotting;; Carlos Lopez Estrada;; Foley Walkers Studio  ;94%;166;86%;2,258;false;04/12/2023;JUEVES
The Long Dumb Road;; Hannah Fidell;; The Film Arcade  ;73%;26;54%;145;false;2/15/2023;LUNES
Dog Days;; Ken Marino;; LD Entertainment  ;63%;67;77%;562;true;08/09/2023;VIERNES
The Tribe (La tribu);; Fernando Colomo;; Netflix  ;71%;7;39%;30;true;03/08/2023;LUNES
Number 37 (Nommer 37);; Nosipho Dumisa;; Dark Star Pictures  ;100%;14;75%;164;false;01/06/2023;VIERNES
Jinn;; Nijla Mu'min;; Orion Classics  ;95%;21;84%;149;false;09/12/2022;VIERNES
Blood Brother;; John Pogue;; Codeblack Entertainment  ;17%;6;84%;83;true;7/24/2022;VIERNES
Happy as Lazzaro (Lazzaro felice);; Alice Rohrwacher;; RAI Cinema  ;90%;84;81%;322;true;09/01/2022;VIERNES
A Christmas Prince: The Royal Wedding;; John Schultz;; Netflix  ;50%;16;33%;127;true;06/01/2023;LUNES
The Ballad of Buster Scruggs;; Joel Coen,  Ethan Coen;; Netflix  ;91%;218;77%;3,32;false;7/27/2022;JUEVES
The Christmas Chronicles;; Clay Kaytis;; Netflix  ;65%;54;77%;1,242;false;11/21/2022;LUNES
Papillon;; Michael Noer;; Bleecker Street  ;52%;106;66%;1,179;true;11/06/2022;LUNES
Death House;; Harrison Smith;; Hannover House  ;40%;5;42%;208;false;1/28/2023;JUEVES
Claire's Camera (La caméra de Claire);; Hong Sang-soo;; Cinema Guild  ;88%;50;59%;162;false;10/14/2022;LUNES
The Delinquent Season;; Mark O'Rowe;; Blue Fox Entertainment  ;73%;11;73%;77;true;01/12/2023;JUEVES
Outlaw King;; David Mackenzie;; Netflix  ;61%;148;67%;1,373;false;03/04/2023;LUNES
Christopher Robin;; Marc Forster;; Walt Disney Pictures  ;73%;265;83%;5,632;true;05/10/2023;JUEVES
Gauguin: Voyage to Tahiti;; Edouard Deluc;; Cohen Media Group  ;42%;33;35%;106;false;02/11/2023;JUEVES
Destination Wedding;; Victor Levin;; Regatta  ;53%;83;58%;788;false;5/16/2023;LUNES
Time Trap;; Mark Dennis,  Ben Foster;; Paladin  ;60%;10;71%;561;false;05/07/2023;VIERNES
Room For Rent;; Matthew Atkinson;; Gunpowder & Sky  ;88%;8;52%;164;false;7/18/2023;LUNES
Final Score;; Scott Mann;; Saban Films  ;69%;32;37%;283;false;6/21/2022;LUNES
Daughters of the Sexual Revolution: The Untold Story of the Dallas Cowboys Cheerleaders;; Dana Adam Shapiro;; Gravitas Ventures  ;83%;6;89%;82;true;4/26/2023;VIERNES
Unlovable;; Suzi Yoonessi;; Orion Classics  ;81%;16;72%;102;false;08/11/2023;VIERNES
The New Romantic;; Carly Stone;; The Orchard  ;62%;29;42%;133;true;3/23/2023;VIERNES
BlacKkKlansman;; Spike Lee;; Focus Features  ;96%;418;82%;10,719;true;6/22/2022;LUNES
In a Relationship;; Sam Boyd;; Vertical Entertainment  ;60%;15;38%;147;false;11/05/2022;VIERNES
Every Act of Life;; Jeff Kaufman;; Floating World Pictures  ;89%;9;100%;12;true;10/19/2022;JUEVES
Look Away;; Assaf Bernstein;; Vertical Entertainment  ;17%;12;54%;387;true;4/30/2023;VIERNES
The Last Sharknado: It's About Time;; Anthony C. Ferrante;; Syfy Films  ;27%;11;36%;96;true;02/06/2023;JUEVES
The Other Side of the Wind;; Orson Welles;; Netflix  ;83%;93;58%;319;false;1/24/2023;VIERNES
Lasso;; Evan Cecil;; Dragonfly Films  ;63%;8;75%;15;true;9/16/2022;VIERNES
They'll Love Me When I'm Dead;; Morgan Neville;; Netflix  ;92%;37;81%;166;false;7/18/2023;LUNES
Lez Bomb;; Jenna Laurenzo;; Gravitas Ventures  ;89%;9;68%;154;false;6/25/2023;VIERNES
Intensive Care;; Jared Bentley;; Engenius Productions  ;80%;5;25%;15;true;1/26/2023;LUNES
Pimp;; Nov 9, 2018 limited;; 1821 Pictures  ;56%;9;96%;456;true;08/05/2022;JUEVES
John Leguizamo's Latin History for Morons;; Ben DeJesus;; Netflix  ;100%;7;76%;138;false;2/16/2023;LUNES
Mowgli: Legend of the Jungle;; Andy Serkis;; Netflix  ;53%;102;52%;1,797;false;07/05/2022;LUNES
Mission: Impossible - Fallout;; Christopher McQuarrie;; Paramount Pictures  ;97%;415;87%;15,721;true;09/02/2022;VIERNES
God Bless the Broken Road;; Harold Cronk;; Freestyle Releasing.  ;17%;12;77%;245;false;7/21/2023;JUEVES
The Nun;; Corin Hardy;; Warner Bros. Pictures  ;26%;194;35%;6,805;true;12/31/2022;JUEVES
Pope Francis - A Man of His Word;; Wim Wenders;; Focus Features  ;83%;75;76%;433;true;01/08/2023;VIERNES
Where Hands Touch;; Amma Asante;; Vertical Entertainment  ;40%;47;69%;256;false;06/11/2023;VIERNES
DriverX;; Henry Barrial;; Sundance Selects  ;44%;9;88%;82;false;07/11/2022;LUNES
Newly Single;; Adam Christian Clark;; Gravitas Ventures  ;88%;8;83%;40;true;6/18/2023;VIERNES
Clara's Ghost;; Bridey Elliott;; Orion Classics  ;74%;31;31%;39;false;5/17/2023;JUEVES
Tyrel;; Dec 5, 2018 limited;; Magnolia Pictures  ;60%;50;32%;126;true;9/25/2022;JUEVES
Pick of the Litter;; Dana Nachman,  Don Hardy;; Sundance Selects  ;97%;64;91%;508;false;8/19/2023;VIERNES
Time Share (Tiempo Compartido);; Sebastian Hofmann;; Netflix  ;95%;20;52%;112;false;2/19/2023;JUEVES
The Miseducation of Cameron Post;; Desiree Akhavan;; FilmRise  ;86%;180;76%;1,493;true;9/20/2022;JUEVES
Beautifully Broken;; Eric Welch;; ArtAffects Entertainment  ;67%;6;92%;236;false;7/18/2023;LUNES
What Keeps You Alive;; Colin Minihan;; IFC Films  ;82%;45;51%;548;false;05/11/2023;VIERNES
Back Roads;; Alex Pettyfer;; Samuel Goldwyn Films  ;68%;22;99%;1,862;true;2/23/2023;VIERNES
McQueen;; Ian Bonhôte;; Bleecker Street  ;99%;118;78%;838;true;09/04/2022;VIERNES
Ghostbox Cowboy;; John Maringouin;; Dark Star Pictures  ;91%;11;50%;71;false;7/13/2022;LUNES
The American Meme;; Bert Marcus;; Netflix  ;94%;31;97%;1,366;false;11/30/2022;VIERNES
Await Further Instructions;; Johnny Kevorkian;; Dark Sky Films  ;80%;20;27%;574;false;08/03/2023;JUEVES
Swimming with Men;; Oliver Parker;; Sundance Selects  ;55%;44;55%;119;false;04/11/2023;LUNES
Viking Destiny (Of Gods and Warriors);; David L.G. Hughes;; Saban Films  ;13%;8;32%;60;false;6/18/2022;JUEVES
Divide and Conquer: The Story of Roger Ailes;; Alexis Bloom;; Magnolia Pictures  ;90%;50;79%;124;false;10/15/2022;JUEVES
You Might Be the Killer;; Brett A. Simmons;; Curmudgeon Films  ;59%;17;51%;112;false;12/27/2022;LUNES
Hospitality;; Nick Chakwin,  David Guglielmo;; Kandoo Films  ;20%;5;44%;19;false;08/07/2022;LUNES
Bob Lazar: Area 51 & Flying Saucers;; Jeremy Kenyon Lockyer Corbell;; The Orchard  ;20%;5;38%;144;false;5/31/2023;VIERNES
The Night Comes For Us;; Timo Tjahjanto;; Netflix  ;90%;29;84%;883;true;6/25/2023;JUEVES
Ant-Man and the Wasp;; Peyton Reed;; Walt Disney Pictures  ;88%;417;76%;24,28;false;9/19/2022;VIERNES
Incredibles 2;; Brad Bird;; Disney/Pixar  ;94%;370;84%;18,111;false;6/21/2022;VIERNES
Mile 22;; Peter Berg;; STXfilms  ;23%;184;44%;2,68;false;05/01/2023;JUEVES
God Knows Where I Am;; Jedd Wider,  Todd Wider;; Wider Film Projects  ;85%;26;87%;235;true;02/12/2023;LUNES
Slender Man;; Sylvain White;; Screen Gems  ;6%;77;17%;2,429;false;12/20/2022;JUEVES
The Darkest Minds;; Jennifer Yuh Nelson;; 20th Century Fox  ;16%;136;73%;2,721;true;11/20/2022;JUEVES
The Spy Who Dumped Me;; Susanna Fogel;; Lionsgate  ;49%;204;57%;3,54;false;07/05/2023;LUNES
55 Steps;; Bille August;; Sony Pictures  ;50%;8;85%;96;false;07/06/2022;VIERNES
Transformer;; Michael Del Monte;; Gravitas Ventures  ;100%;11;96%;121;true;5/21/2023;JUEVES
Teen Titans Go! To the Movies;; Aaron Horvath,  Peter Rida Michail;; Warner Bros. Pictures  ;91%;127;72%;3,461;false;9/18/2022;JUEVES
Shirkers;; Sandi Tan;; Netflix  ;100%;64;78%;384;false;3/27/2023;VIERNES
Mandy;; Panos Cosmatos;; RLJE Films  ;90%;235;66%;4,11;false;07/06/2022;LUNES
Sorry to Bother You;; Boots Riley;; Annapurna Pictures  ;93%;294;70%;6;false;11/09/2022;VIERNES
Dovlatov;; Alexey German;; Netflix  ;79%;14;58%;66;false;12/15/2022;LUNES
The Bill Murray Stories: Life Lessons Learned from a Mythical Man;; Tommy Avallone;; Gravitas Ventures  ;95%;19;77%;293;true;5/19/2023;VIERNES
Thunder Road;; Oct 19, 2018 limited;; Vanishing Angle  ;96%;80;93%;1,193;false;11/10/2022;LUNES
Our House;; Anthony Scott Burns;; IFC Midnight  ;60%;25;26%;173;true;08/12/2022;LUNES
Solis;; Carl Strathie;; Blue Fox Entertainment  ;0%;5;24%;101;true;09/10/2022;JUEVES
Stella's Last Weekend;; Polly Draper;; Paladin  ;65%;20;76%;87;true;3/19/2023;JUEVES
Killer Kate!;; Elliot Feld;; Feld Films  ;67%;6;59%;84;true;08/02/2023;JUEVES
Brampton's Own;; Michael Doneger;; Dark Star Pictures  ;40%;5;60%;25;false;7/24/2022;LUNES
Welcome to Mercy;; Tommy Bertelsen;; IFC Midnight  ;67%;9;45%;56;true;02/09/2023;VIERNES
Been So Long;; Tinge Krishnan;; Netflix  ;92%;12;73%;105;true;03/08/2023;JUEVES
Adam Sandler: 100% Fresh;; Oct 23, 2018;; Netflix  ;90%;20;91%;699;true;08/11/2022;LUNES
Monster Party;; Chris von Hoffmann;; RLJ Entertainment  ;75%;20;47%;170;false;12/20/2022;VIERNES
The Forest of the Lost Souls (A Floresta das Almas Perdidas);; José Pedro Lopes;; 2203 Studio  ;73%;15;71%;70;true;1/21/2023;JUEVES
Rodin;; Jacques Doillon;; Cohen Media Group  ;30%;40;22%;43;true;10/11/2022;JUEVES
Mamma Mia! Here We Go Again;; Ol Parker;; Universal Pictures  ;80%;267;66%;5,151;false;07/03/2022;JUEVES
A Prayer Before Dawn;; Jean-Stéphane Sauvaire;; A24  ;92%;61;74%;1,779;true;2/28/2023;JUEVES
The Catcher Was A Spy;; Ben Lewin;; IFC Films  ;32%;75;53%;481;true;08/06/2023;VIERNES
Don't Worry;; R (for language throughout, sexual content, some nudity and alcohol abuse);;   113 minutes    ; Amazon Studios  ;76%;182;75%;false;7/26/2023;VIERNES
Loving Pablo;; Fernando León de Aranoa;; Universal Pictures  ;31%;48;36%;509;false;6/13/2023;LUNES
The Sentence;; Rudy Valdez;; HBO Documentary Films  ;90%;20;89%;125;true;6/27/2023;VIERNES
The Devil We Know;; Stephanie Soechtig;; Atlas Films  ;100%;7;91%;132;false;11/23/2022;LUNES
The Kindergarten Teacher;; Sara Colangelo;; Netflix  ;91%;93;67%;750;false;06/11/2022;JUEVES
Private Life;; Tamara Jenkins;; Netflix  ;94%;101;77%;965;false;6/13/2023;JUEVES
Three Identical Strangers;; Tim Wardle;; NEON  ;97%;174;88%;2,933;false;3/21/2023;JUEVES
Whitney;; Kevin Macdonald;; Miramax and Roadside Attractions  ;88%;154;74%;793;true;11/21/2022;JUEVES
Unfriended: Dark Web;; Stephen Susco;; BH Tilt  ;60%;116;38%;1,134;true;4/28/2023;JUEVES
Heavy Trip (Hevi reissu);; Jukka Vidgren,  Juuso Laatio;; Music Box Films  ;93%;29;83%;273;true;10/25/2022;LUNES
All Square;; John Hyams;; Vertical Entertainment  ;91%;11;80%;231;true;1/23/2023;LUNES
After Everything (Shotgun);; Hannah Marks,  Joey Power;; Good Deed Entertainment  ;88%;17;77%;218;false;07/05/2023;LUNES
Down a Dark Hall;; Michael Goldbach,  Chris Sparling;; Summit Entertainment  ;50%;26;20%;274;true;11/15/2022;LUNES
The 12th Man;; Harald Zwart;; IFC Midnight  ;86%;21;79%;578;false;9/28/2022;LUNES
Arizona;; Jonathan Watson;; RLJ Entertainment  ;40%;35;44%;234;true;7/16/2023;JUEVES
Hotel Artemis;; Drew Pearce;; Global Road Entertainment  ;57%;172;33%;1,834;false;01/01/2023;JUEVES
Reprisal;; Brian A. Miller;; Lionsgate  ;8%;13;17%;170;true;10/03/2022;LUNES
Tales from the Hood 2;; Rusty Cundieff,  Darin Scott;; Universal 1440 Entertainment  ;75%;8;26%;140;false;5/13/2023;JUEVES
Apostle;; Gareth Evans;; Netflix  ;80%;66;54%;1,193;false;6/27/2023;JUEVES
Better Start Running;; Brett Simon;; Freestyle Digital Media  ;33%;6;44%;31;true;08/09/2022;VIERNES
22 July;; Paul Greengrass;; Netflix  ;80%;123;69%;778;false;5/31/2023;VIERNES
Malevolent;; Olaf de Fleur Johannesson;; Netflix  ;38%;8;17%;278;true;1/21/2023;JUEVES
Feminists: What Were They Thinking?;; Johanna Demetrakas;; Netflix  ;80%;5;62%;59;false;10/07/2022;VIERNES
Nappily Ever After;; Haifaa Al-Mansour;; Netflix  ;71%;14;73%;336;false;09/12/2022;LUNES
Gotti;; Kevin Connolly;; Vertical Entertainment  ;0%;55;46%;8,086;false;12/14/2022;VIERNES
Jurassic World: Fallen Kingdom;; J.A. Bayona;; Universal Pictures  ;48%;413;48%;29,655;true;03/12/2023;JUEVES
Hotel Transylvania 3: Summer Vacation;; Genndy Tartakovsky;; Columbia Pictures / Sony Pictures Animation  ;62%;115;48%;3,399;false;08/07/2022;JUEVES
Leave No Trace;; Debra Granik;; Bleecker Street  ;100%;225;81%;4,641;true;08/06/2023;VIERNES
Hot Summer Nights;; Elijah Bynum;; A24  ;43%;40;58%;792;true;4/24/2023;LUNES
The Gardener;; Sébastien Chabot;; Gravitas Ventures  ;75%;8;80%;91;true;9/13/2022;JUEVES
The Healer;; Paco Arango;; AMBI Media Group  ;17%;6;51%;113;false;07/09/2022;VIERNES
Skyscraper;; Rawson Marshall Thurber;; Universal Pictures  ;47%;274;63%;6,35;true;06/10/2022;JUEVES
After Louie;; Vincent Gagliostro;; Hawk House Productions  ;75%;12;67%;53;false;6/24/2023;LUNES
The Song of Sway Lake;; Ari Gold;; Grack Films  ;42%;33;83%;53;false;9/16/2022;VIERNES
Pin Cushion;; Deborah Haywood;; Rosevine Films  ;89%;38;68%;117;true;2/20/2023;LUNES
Sollers Point;; Matthew Porterfield;; Oscilloscope Laboratories  ;85%;27;61%;148;true;08/03/2022;LUNES
Ramen Heads;; Koki Shigeno;; Netzgen  ;63%;16;86%;56;true;3/28/2023;LUNES
Eighth Grade;; Bo Burnham;; A24  ;99%;297;83%;5,057;true;07/09/2022;LUNES
Damsel;; David Zellner,  Nathan Zellner;; Magnolia Pictures  ;68%;107;56%;712;true;9/25/2022;VIERNES
White Rabbit;; Daryl Wein;; Gravitas Ventures  ;88%;8;70%;60;true;03/07/2023;LUNES
I Think We're Alone Now;; Reed Morano;; Momentum Pictures  ;63%;40;43%;412;false;5/19/2023;LUNES
At First Light;; Jason Stone;; Gravitas Ventures  ;54%;13;50%;66;false;1/23/2023;VIERNES
Love;; NR;;   86 minutes    ; 3 Faces Films  ;88%;86;83%;false;3/16/2023;JUEVES
Blue Iguana;; Hadi Hajaig;; Screen Media Films  ;37%;27;83%;197;true;6/28/2022;LUNES
Cruise;; Robert D. Siegel;; Vertical Entertainment  ;38%;8;72%;111;false;2/13/2023;VIERNES
Little Italy;; Donald Petrie;; Lionsgate  ;16%;19;60%;317;true;12/06/2022;VIERNES
Quincy;; Rashida Jones,  Alan Hicks;; Netflix  ;82%;33;83%;158;false;2/16/2023;JUEVES
American Dresser;; Carmine Cangialosi;; Cinedigm  ;0%;7;67%;25;true;6/29/2022;LUNES
Lost Child;; Ramaa Mosley;; Breaking Glass Pictures  ;50%;10;69%;43;false;8/28/2022;VIERNES
Hold the Dark;; Jeremy Saulnier;; Netflix  ;70%;81;31%;1,164;false;04/02/2023;VIERNES
Ocean's 8;; Gary Ross;; Warner Bros. Pictures  ;69%;347;45%;10,089;true;7/31/2023;LUNES
Susanne Bartsch: On Top;; Anthony Caronna,  Alexander Smith;; The Orchard  ;100%;7;75%;64;true;6/18/2023;VIERNES
Ghost Stories;; Jeremy Dyson,  Andy Nyman;; IFC Midnight  ;84%;123;59%;2,365;true;08/03/2022;LUNES
Dark River;; Clio Barnard;; Left Bank Pictures  ;79%;58;65%;735;false;02/12/2023;VIERNES
Uncle Drew;; Charles Stone III;; Lionsgate  ;62%;94;47%;1,57;false;08/11/2023;JUEVES
City of Joy;; Madeleine Gavin;; Netflix  ;100%;8;62%;45;true;7/17/2022;JUEVES
Hearts Beat Loud;; Brett Haley;; Gunpowder & Sky  ;91%;150;73%;1,643;false;05/11/2023;LUNES
Hereditary;; Ari Aster;; Windy Hill Pictures  ;89%;359;66%;12,338;true;2/27/2023;VIERNES
Superfly;; Director X.;; Columbia Pictures  ;50%;100;46%;861;true;06/09/2022;JUEVES
A Wizard's Tale (Here Comes the Grump);; Andrés Couturier;; Blue Fox Entertainment  ;20%;5;75%;34;false;7/27/2022;VIERNES
That Summer;; Goran Olsson;; Story AB  ;81%;37;59%;107;true;06/12/2022;LUNES
Don't Leave Home;; Michael Tully;; Cranked Up Films  ;74%;19;21%;246;true;04/09/2023;JUEVES
Venus;; Eisha Marjara;; Wolfe Releasing  ;100%;7;83%;11;true;2/22/2023;LUNES
A Crooked Somebody;; Trevor White;; Vertical Entertainment and DIRECTV  ;80%;10;63%;75;true;8/31/2022;VIERNES
Bleach;; Shinsuke Sato;; Netflix  ;67%;6;78%;775;false;02/10/2023;LUNES
Age of Summer;; Bill Kiely;; Freestyle Digital Media  ;50%;6;67%;89;false;12/17/2022;JUEVES
The Land of Steady Habits;; Nicole Holofcener;; Netflix  ;85%;39;47%;301;false;11/05/2022;VIERNES
E-Demon;; Jeremy Wechter;; Dark Cuts  ;33%;6;78%;22;true;6/30/2023;VIERNES
Next Gen;; Sep 7, 2018 limited;; Netflix  ;80%;5;68%;618;true;04/02/2023;VIERNES
The Angel;; Ariel Vromen;; Netflix  ;75%;12;61%;227;false;07/03/2022;VIERNES
The Most Assassinated Woman in the World (La femme la plus assassinée du monde);; Franck Ribière;; Netflix  ;86%;7;36%;38;false;5/29/2023;LUNES
Reversing Roe;; Anne Sundberg,  Ricki Stern;; Netflix  ;88%;8;65%;80;false;7/24/2023;JUEVES
Mind Game;; Masaaki Yuasa;; Asmik Ace Entertainment  ;100%;10;93%;3,378;false;05/11/2023;JUEVES
Deadpool 2;; David Leitch;; 20th Century Fox  ;84%;402;85%;31,432;false;07/10/2023;JUEVES
God's Not Dead: A Light in Darkness;; Michael Mason;; Pure Flix Entertainment  ;11%;19;54%;1,184;true;5/21/2023;LUNES
Show Dogs;; Raja Gosnell;; Global Road Entertainment  ;16%;63;25%;698;false;07/02/2022;LUNES
Western;; Valeska Grisebach;; Cinema Guild  ;96%;73;73%;706;false;7/13/2023;LUNES
A Kid Like Jake;; Silas Howard;; IFC Films  ;52%;46;47%;209;false;07/10/2023;VIERNES
Mary Shelley;; Haifaa Al-Mansour;; IFC Films  ;39%;122;48%;597;true;07/04/2023;VIERNES
First Reformed;; Paul Schrader;; A24  ;93%;234;68%;3,36;true;05/10/2023;VIERNES
Woman Walks Ahead;; Susanna White;; A24 and DIRECTV  ;53%;38;61%;328;false;07/11/2022;JUEVES
The Guardians (Les Gardiennes);; Xavier Beauvois;; Music Box Films  ;95%;55;56%;383;false;8/15/2023;VIERNES
Bleeding Steel;; Leo Zhang ;; Lionsgate Premiere  ;22%;18;23%;217;false;09/03/2022;LUNES
Won't You Be My Neighbor?;; Morgan Neville;; Focus Features  ;98%;241;94%;4,314;false;11/03/2022;JUEVES
RBG;; Betsy West,  Julie Cohen;; Magnolia Pictures  ;94%;169;78%;1,996;false;2/13/2023;LUNES
American Animals;; Bart Layton;; The Orchard  ;89%;204;81%;2,783;false;4/18/2023;JUEVES
Black Water;; Pasha Patriki;; Saban Films  ;0%;9;22%;99;false;12/01/2022;JUEVES
Upgrade;; Leigh Whannell;; Blumhouse Productions  ;87%;183;87%;5,577;false;7/18/2022;VIERNES
Adrift;; Baltasar Kormákur;; STXfilms  ;70%;191;65%;2,204;true;06/08/2023;JUEVES
Book Club;; Erin Simms;; Paramount Pictures  ;54%;179;52%;2,008;false;11/16/2022;JUEVES
Blood Fest;; Owen Egerton;; Cinedigm Entertainment  ;53%;17;43%;165;true;2/19/2023;VIERNES
The Laws of Thermodynamics (Las Leyes de la Termodinámica);; Mateo Gil;; Netflix  ;46%;13;40%;36;false;02/02/2023;VIERNES
American Circumcision;; Brendon Marotta;; Gravitas Ventures  ;60%;5;76%;182;true;07/08/2023;LUNES
Active Measures;; Jack Bryan;; Super LTD  ;80%;15;85%;596;false;3/29/2023;VIERNES
Calling All Earthlings;; Jonathan Berman;; Freestyle Digital Media  ;67%;15;100%;35;false;08/08/2022;LUNES
Boarding School;; Boaz Yakin;; Momentum Pictures  ;33%;9;61%;100;true;08/05/2023;VIERNES
I Am Vengeance;; Ross Boyask;; Saban Films  ;38%;8;25%;42;true;1/17/2023;JUEVES
Dark Crimes;; Alexandros Avranas;; Saban Films  ;0%;35;31%;935;false;5/22/2023;VIERNES
Avengers: Infinity War;; Anthony Russo,  Joe Russo;; Walt Disney Pictures  ;85%;456;91%;57,975;false;3/25/2023;JUEVES
How to Talk to Girls at Parties;; John Cameron Mitchell;; A24  ;47%;93;38%;749;false;9/25/2022;JUEVES
The Yellow Birds;; Alexandre Moors;; Saban Films  ;45%;40;43%;247;false;9/20/2022;VIERNES
The Keeping Hours;; Karen Moncrieff;; Blumhouse Productions  ;80%;5;70%;112;false;7/18/2022;LUNES
Life of the Party;; Ben Falcone;; New Line Cinema  ;38%;149;40%;2,123;false;5/24/2023;LUNES
Final Portrait;; Stanley Tucci;; Sony Pictures Classics  ;73%;127;47%;631;false;10/20/2022;JUEVES
Aardvark;; Brian Shoaf;; Great Point Media  ;12%;25;36%;61;true;6/27/2023;LUNES
Shock and Awe;; Rob Reiner;; Vertical Entertainment and DIRECTV  ;29%;45;38%;373;true;7/17/2023;LUNES
On Chesil Beach;; Dominic Cooke;; Bleecker Street  ;67%;159;63%;830;false;04/01/2023;JUEVES
Bad Samaritan;; Dean Devlin;; Electric Entertainment  ;53%;75;68%;838;true;2/14/2023;VIERNES
Lowlife;; Ryan Prows;; IFC Films  ;91%;34;67%;731;true;6/26/2023;VIERNES
The Escape;; Dominic Savage;; IFC Films  ;77%;44;51%;419;true;02/11/2023;VIERNES
The Motive (El autor);; Manuel Martín Cuenca;; Netflix  ;60%;20;48%;50;true;7/21/2023;JUEVES
Revenge;; Coralie Fargeat;; Shudder and NEON  ;92%;128;56%;2,602;true;05/07/2023;LUNES
Marrowbone;; Sergio G. Sánchez;; Magnolia Pictures  ;47%;70;57%;493;false;6/16/2023;JUEVES
The Guernsey Literary and Potato Peel Pie Society;; Mike Newell;; Netflix  ;81%;70;82%;1,366;false;12/05/2022;JUEVES
Night Comes On;; Jordana Spiro;; Samuel Goldwyn Films  ;100%;47;82%;374;false;11/24/2022;LUNES
Breaking In;; James McTeigue;; Universal Pictures  ;26%;103;32%;1;false;6/19/2022;JUEVES
Wildling;; Fritz Böhm;; IFC Midnight  ;70%;46;42%;539;true;5/14/2023;JUEVES
Elizabeth Harvest;; Sebastian Gutierrez;; IFC Films  ;53%;19;42%;131;false;08/01/2022;VIERNES
Puppet Master: The Littlest Reich;; Sonny Laguna,  Tommy Wiklund;; RLJE Films  ;68%;44;51%;193;true;08/07/2023;JUEVES
Breaking & Exiting;; Peter Facinelli;; Freestyle Digital Media  ;0%;6;69%;109;false;04/02/2023;LUNES
Like Father;; Lauren Miller;; Netflix  ;46%;41;46%;528;false;11/18/2022;VIERNES
To All the Boys I've Loved Before;; Susan Johnson;; Netflix  ;97%;67;86%;4,551;false;3/18/2023;VIERNES
Hope Springs Eternal;; Jack C. Newell;; Samuel Goldwyn Films  ;88%;8;34%;118;false;07/02/2022;VIERNES
What Still Remains;; Josh Mendoza;; Gravitas Ventures  ;90%;10;48%;375;true;8/31/2022;JUEVES
Along Came the Devil;; Jason DeVan;; Gravitas Ventures  ;38%;8;43%;71;true;07/08/2023;VIERNES
Killer Bees;; Ben Cummings,  Orson Cummings;; Brothers Cummings Film  ;80%;5;80%;25;true;12/03/2022;VIERNES
Snapshots;; Melanie Mayron;; Gravitas Ventures  ;71%;7;94%;105;false;05/08/2023;VIERNES
Ready Player One;; Steven Spielberg;; Warner Bros. Pictures  ;72%;420;77%;24,893;false;6/20/2023;VIERNES
Chappaquiddick;; John Curran;; Entertainment Studios Motion Pictures  ;81%;140;68%;2,264;false;6/17/2022;VIERNES
Lean on Pete;; Andrew Haigh;; A24  ;91%;184;73%;1,44;true;06/08/2023;LUNES
Another WolfCop;; Lowell Dean;; A71 Entertainment  ;67%;15;64%;133;false;2/28/2023;JUEVES
Borg Vs. McEnroe;; Janus Metz ;; NEON  ;84%;143;74%;1,466;true;7/22/2022;VIERNES
Where Is Kyra?;; Andrew Dosunmu;; Great Point Media and Paladin  ;81%;53;51%;357;true;08/10/2022;VIERNES
Gemini;; Aaron Katz (II) ;; NEON  ;71%;75;42%;973;false;3/16/2023;JUEVES
7 Days in Entebbe;; José Padilha;; Focus Features  ;24%;114;37%;766;true;7/18/2022;VIERNES
The Endless;; Justin Benson,  Aaron Moorhead;; Well Go USA Entertainment  ;92%;124;67%;3,429;false;5/22/2023;VIERNES
Ismael's Ghosts (Les fantômes d'Ismaël);; Arnaud Desplechin;; Why Not Productions  ;52%;75;23%;109;true;12/10/2022;LUNES
A Ciambra;; Jonas Carpignano;; IFC Films  ;89%;55;76%;378;true;7/21/2022;JUEVES
Moss;; Daniel Peddle;; Breaking Glass Pictures  ;75%;8;84%;198;true;05/10/2023;LUNES
A Quiet Place;; John Krasinski;; Paramount Pictures  ;95%;367;83%;22,688;false;10/26/2022;VIERNES
The Female Brain;; Whitney Cummings;; IFC Films  ;35%;20;50%;153;false;6/22/2023;VIERNES
Journey's End;; Saul Dibb;; levelFILM  ;93%;97;73%;1,205;false;08/09/2023;JUEVES
Krystal;; William H. Macy;; Paladin Film  ;10%;21;46%;132;true;6/25/2023;LUNES
Tyler Perry's Acrimony;; Tyler Perry;; Lionsgate  ;17%;35;51%;775;false;7/20/2023;VIERNES
The Cured;; David Freyne;; IFC Films  ;69%;64;44%;499;true;07/11/2022;JUEVES
Beirut;; Brad Anderson;; Bleecker Street  ;81%;129;56%;1,379;true;10/19/2022;JUEVES
Tau;; Noga Landau;; Addictive Pictures  ;25%;12;49%;511;false;05/04/2023;VIERNES
Finding Your Feet;; Richard Loncraine;; Roadside Attractions  ;69%;84;56%;602;true;03/06/2023;VIERNES
Spinning Man;; Simon Kaijser;; Lionsgate Premiere  ;42%;12;36%;261;true;05/11/2023;JUEVES
The Legacy of a Whitetail Deer Hunter;; Jody Hill;; Netflix  ;30%;23;43%;131;false;6/20/2022;LUNES
Escape Plan 2: Hades;; Steven C. Miller;; Summit Entertainment  ;8%;24;15%;717;false;01/02/2023;JUEVES
211;; York Alec Shackleton;; Momentum Pictures  ;5%;22;9%;170;true;6/19/2022;JUEVES
Calibre;; Matt Palmer;; Netflix  ;95%;19;72%;639;false;7/30/2022;JUEVES
La Belle Noiseuse;; Jacques Rivette;; Cohen Media Group  ;100%;29;84%;3,815;false;3/24/2023;VIERNES
Moonrise;; Frank Borzage;; Republic  ;100%;9;74%;265;false;12/27/2022;VIERNES
Beyond The Hills;; Cristian Mungiu;; IFC Films  ;90%;105;81%;2,139;false;6/30/2022;VIERNES
The Cleanse;; Bobby Miller;; Bron Studios  ;82%;22;41%;510;true;6/19/2022;LUNES
Black Panther;; Ryan Coogler;; Marvel Studios  ;97%;495;79%;88,211;true;01/01/2023;VIERNES
Fifty Shades Freed;; James Foley;; Universal Pictures  ;12%;183;37%;5,678;false;1/24/2023;LUNES
Wonderstruck;; Todd Haynes;; Amazon Studios  ;68%;218;56%;3,115;true;9/23/2022;VIERNES
Anon;; Andrew Niccol;; Netflix  ;38%;48;35%;676;false;03/11/2023;JUEVES
Early Man;; Nick Park;; Lionsgate  ;81%;171;49%;2,178;true;06/11/2023;LUNES
A Fantastic Woman (Una mujer fantástica);; Sebastián Lelio;; Sony Pictures Classics  ;94%;219;78%;2,429;true;7/27/2022;VIERNES
The Party;; Sally Potter;; Roadside Attractions  ;81%;155;61%;1,979;true;07/11/2023;LUNES
On the Beach at Night Alone (Bamui haebyun-eoseo honja);; Hong Sang-soo;; Cinema Guild  ;92%;50;69%;323;false;10/31/2022;LUNES
Samson;; Bruce MacDonald;; Pure Flix Entertainment  ;25%;16;50%;810;false;8/15/2023;JUEVES
Game Night;; Jonathan M. Goldstein,  John Francis Daley;; New Line Cinema  ;85%;246;77%;9,457;false;6/25/2023;VIERNES
Catching Feelings;; Kagiso Lediga;; Netflix  ;100%;7;58%;108;true;3/19/2023;JUEVES
I Kill Giants;; Anders Walter ;; XYZ Films  ;77%;60;76%;2,14;false;06/05/2022;VIERNES
Cargo;; Yolanda Ramke,  Ben Howling;; Netflix  ;88%;74;66%;1,591;false;3/15/2023;VIERNES
Batman Ninja;; Junpei Mizusaki;; DC Comics  ;82%;17;39%;1,091;true;4/21/2023;JUEVES
The Monkey King 3;; Pou-Soi Cheang;; Well Go USA Entertainment  ;33%;6;48%;160;false;3/14/2023;LUNES
Submergence;; Wim Wenders;; Samuel Goldwyn Films  ;21%;52;34%;243;false;8/13/2023;JUEVES
Class Rank;; Eric Stoltz;; Cinedigm Entertainment  ;86%;14;66%;147;true;5/13/2023;JUEVES
Carter & June;; Nicholas Kalikow;; Freestyle Digital Media  ;13%;8;33%;104;false;7/28/2023;LUNES
End Game;; Jeffrey Friedman,  Rob Epstein;; Netflix  ;100%;7;86%;44;true;5/19/2023;VIERNES
Ali Wong: Hard Knock Wife;; Jay Karas;; Netflix  ;100%;20;68%;180;false;07/03/2023;LUNES
Tig Notaro: Happy to Be Here;; Tig Notaro;; Netflix  ;100%;8;70%;24;false;06/10/2022;JUEVES
Pacific Rim Uprising;; Steven S. DeKnight;; Universal Pictures  ;44%;253;39%;32,337;true;8/17/2022;VIERNES
Brain on Fire;; Gerard Barrett;; Broad Green Pictures  ;13%;16;67%;741;true;06/06/2023;JUEVES
Sherlock Gnomes;; John Stevenson;; Paramount Pictures  ;27%;64;35%;1,604;true;9/28/2022;JUEVES
Tomb Raider;; Roar Uthaug;; Warner Bros. Pictures  ;51%;308;55%;10,622;false;12/06/2022;VIERNES
Frantz;; François Ozon;; Music Box Films  ;91%;134;84%;2,822;false;7/20/2022;JUEVES
The Night of the Virgin (La noche del virgen);; Roberto San Sebastián;; Cleopatra Entertainment  ;45%;11;33%;21;true;03/05/2023;JUEVES
Flower;; Max Winkler;; The Orchard  ;50%;68;45%;433;true;12/15/2022;JUEVES
The Cage Fighter;; Jeff Unay;; IFC Films  ;94%;17;46%;112;false;12/26/2022;VIERNES
Loveless (Nelyubov);; Andrey Zvyagintsev;; Sony Pictures Classics  ;94%;179;83%;1,743;false;8/22/2022;JUEVES
Double Lover (L'amant double);; François Ozon;; Cohen Media Group  ;70%;100;49%;463;false;2/22/2023;VIERNES
Blockers;; Kay Cannon;; Universal Pictures  ;84%;220;50%;5,029;true;7/23/2023;LUNES
A Skin So Soft (Ta peau si lisse);; Denis Côté;; Close Up Films  ;94%;17;56%;73;true;09/09/2022;VIERNES
Mrs. Hyde (Madame Hyde);; Serge Bozon;; The Orchard  ;55%;29;6%;32;true;2/20/2023;LUNES
The Death of Stalin;; Armando Iannucci;; IFC Films  ;96%;241;78%;6,228;false;4/17/2023;JUEVES
I Can Only Imagine;; Jon Erwin,  Andrew Erwin;; Lionsgate and Roadside Attractions  ;61%;31;91%;4,012;true;7/20/2022;VIERNES
Back to Burgundy (Ce qui nous lie);; Cédric Klapisch;; Music Box Films  ;72%;43;63%;128;true;6/14/2023;JUEVES
Wetlands;; Emanuele Della Valle;; Wetlands Productions  ;40%;15;50%;24;true;8/18/2022;VIERNES
Paul;; PG-13 (for some violent content and disturbing images);;   108 minutes    ; Affirm Films  ;46%;37;81%;true;2/18/2023;LUNES
Love;; PG-13 (for thematic elements, sexual references, language and teen partying);;   109 minutes    ; 20th Century Fox  ;92%;220;88%;false;12/07/2022;VIERNES
An Ordinary Man;; Brad Silberling;; Saban Films  ;38%;21;36%;54;false;07/02/2022;VIERNES
Unsane;; Steven Soderbergh;; Fingerprint Releasing and Bleecker Street  ;80%;229;58%;2,645;true;6/27/2022;VIERNES
Maktub;; Oded Raz;; Firma Films  ;100%;5;99%;399;true;2/13/2023;VIERNES
Sunday's Illness (La enfermedad del domingo);; Ramón Salazar;; Netflix  ;94%;18;74%;123;false;02/05/2023;JUEVES
In Darkness;; Anthony Byrne;; Vertical Entertainment  ;47%;32;35%;313;true;03/06/2023;VIERNES
Terminal;; Vaughn Stein;; RLJ Entertainment  ;20%;65;37%;591;false;3/14/2023;VIERNES
Us & Them;; Rene Liu;; Netflix  ;100%;6;90%;116;true;7/27/2022;LUNES
Set It Up;; Claire Scanlon;; Netflix  ;92%;59;69%;1,222;false;11/28/2022;LUNES
Hannah Gadsby: Nanette;; Madeleine Parry,  Jon Olb;; Netflix  ;100%;48;22%;1,579;true;02/05/2023;VIERNES
King of Hearts;; Philippe de Broca;; MGM Home Entertainment  ;89%;18;88%;3,917;true;07/10/2023;LUNES
The Two of Us (Le vieil homme et l'enfant);; Claude Berri;; Rialto  ;100%;15;93%;817;true;07/12/2023;VIERNES
Miss Stevens;; Julia Hart;; Beachside Films  ;91%;23;67%;668;true;8/18/2022;VIERNES
Thoroughbreds;; Cory Finley;; Focus Features  ;86%;158;68%;3,266;false;8/25/2022;VIERNES
Bernard and Huey;; Dan Mirvish;; Freestyle Digital Media  ;74%;19;82%;112;false;4/30/2023;LUNES
Freak Show;; Trudie Styler;; IFC Films  ;51%;39;69%;178;false;1/27/2023;VIERNES
Discreet;; Travis Mathews;; Uncork'd Entertainment  ;78%;9;40%;50;true;2/26/2023;JUEVES
Devil's Gate;; Clay Staub;; IFC Films  ;33%;15;21%;134;false;7/31/2022;JUEVES
Tehran Taboo;; Ali Soozandeh;; Kino Lorber  ;97%;35;81%;211;false;04/08/2023;LUNES
Gringo;; Nash Edgerton;; Amazon Studios and STX Entertainment  ;40%;129;39%;1,105;false;08/02/2023;LUNES
They Remain;; Philip Gelatt;; Paladin Film  ;56%;25;38%;99;true;12/31/2022;VIERNES
Ali's Wedding;; Jeffrey Walker;; Netflix  ;92%;24;81%;425;false;4/15/2023;LUNES
The Bachelors;; Kurt Voelker;; Freestyle Digital Media  ;83%;18;77%;319;false;7/18/2022;JUEVES
Every Day;; Michael Sucsy;; Orion Pictures  ;63%;59;55%;1,022;false;12/21/2022;LUNES
The Hurricane Heist;; Rob Cohen;; Entertainment Studios Motion Pictures  ;45%;55;23%;806;false;4/30/2023;VIERNES
The Valley;; Saila Kariat;; Wavefront Productions  ;42%;12;57%;25;true;5/17/2023;VIERNES
The Humanity Bureau;; Rob W. King,  Rob W. King;; Minds Eye Entertainment  ;25%;8;24%;182;true;12/01/2022;VIERNES
Feral;; Mark Young;; IFC Films  ;33%;15;21%;95;true;7/27/2022;VIERNES
The Last Witness;; Piotr Szkopiak;; Momentum Pictures  ;40%;5;63%;50;false;6/17/2022;VIERNES
Zoo;; Colin McIvor;; Samuel Goldwyn Films  ;88%;17;64%;123;false;05/04/2023;JUEVES
The Debt Collector;; Jesse V. Johnson,  Stu Small;; Compound B  ;80%;5;44%;69;false;6/19/2022;JUEVES
Ibiza;; Alex Richanbach;; Netflix  ;67%;24;39%;500;false;3/22/2023;LUNES
The Jurassic Games;; Ryan Merriman;; High Octane Pictures  ;83%;6;42%;103;false;7/26/2023;VIERNES
Steve Martin and Martin Short: An Evening You Will Forget for the Rest of Your Life;; Marcus Raboy;; Netflix  ;100%;10;73%;92;true;10/23/2022;LUNES
Little Pink House;; Courtney Balaker;; Film Mode Entertainment  ;76%;29;80%;263;true;2/26/2023;LUNES
Super Troopers 2;; Jay Chandrasekhar;; Fox Searchlight Pictures  ;35%;94;65%;3,528;false;08/01/2023;JUEVES
Isle of Dogs;; Wes Anderson;; Scott Rudin Productions  ;90%;350;87%;8,898;true;3/15/2023;VIERNES
Extinction;; Ben Young;; Netflix  ;39%;23;48%;1,171;true;11/03/2022;JUEVES
Love After Love;; Russell Harbaugh;; IFC Films  ;85%;27;41%;359;true;07/08/2023;LUNES
Tully;; Jason Reitman;; Focus Features  ;86%;272;74%;3,602;false;5/29/2023;LUNES
Dead Night;; Brad Baruh;; Dark Sky Films  ;63%;16;55%;210;true;12/18/2022;LUNES
You Were Never Really Here;; Lynne Ramsay;; Amazon Studios  ;89%;270;64%;4,959;true;11/08/2022;JUEVES
Kings;; Deniz Gamze Ergüven;; The Orchard  ;13%;38;34%;146;true;12/22/2022;LUNES
Overboard;; Rob Greenberg;; Pantelion Films  ;24%;87;54%;2,203;false;07/10/2023;VIERNES
Traffik;; Deon Taylor;; Codeblack Films  ;28%;32;46%;545;true;08/03/2023;JUEVES
I Feel Pretty;; Abby Kohn,  Marc Silverstein;; STX Entertainment  ;36%;219;35%;4,59;false;07/08/2023;LUNES
The Miracle Season;; Sean McNamara;; LD Entertainment  ;51%;43;83%;872;false;2/18/2023;LUNES
Operation Red Sea;; Dante Lam;; Well Go USA Entertainment  ;80%;10;64%;442;false;8/21/2023;VIERNES
The Night Eats the World (La nuit a dévoré le monde);; Dominique Rocher;; Blue Fox Entertainment  ;84%;38;53%;362;false;11/20/2022;JUEVES
The Bleeding Edge;; Kirby Dick,  Amy Ziering;; Netflix  ;100%;19;83%;334;false;06/11/2022;LUNES
The Con Is On;; James Haslam;; Lionsgate  ;0%;5;44%;157;false;6/19/2022;VIERNES
Incident In a Ghost Land (Ghostland);; Pascal Laugier;; Vertical Entertainment  ;56%;27;56%;482;false;11/03/2022;LUNES
14 Cameras;; Seth Fuller,  Scott Hussion;; Gravitas Ventures  ;22%;9;23%;109;false;3/28/2023;LUNES
Father of the Year;; Tyler Spindel;; Netflix  ;0%;11;52%;322;false;10/14/2022;LUNES
Jim Gaffigan: Noble Ape;; Jeannie Noth Gaffigan;; Comedy Dynamics  ;100%;8;88%;96;false;7/19/2022;JUEVES
Iliza Shlesinger: Elder Millennial;; Steve Paley;; Netflix  ;60%;5;68%;19;false;1/15/2023;VIERNES
Maze Runner: The Death Cure;; Wes Ball;; 20th Century Fox  ;43%;169;58%;17,025;false;10/09/2022;JUEVES
Hostiles;; Donald Stewart;; Entertainment Studios Motion Pictures  ;71%;210;74%;5,374;true;08/11/2022;LUNES
Do Not Resist;; Craig Atkinson;; Vanish Films  ;90%;42;63%;266;true;7/28/2022;LUNES
Equal Means Equal;; Kamala Lopez;; Heroica Films  ;75%;8;70%;68;true;7/31/2022;LUNES
Please Stand By;; Ben Lewin;; Magnolia Pictures  ;58%;38;69%;575;true;1/26/2023;LUNES
Forever My Girl;; Bethany Ashton Wolf;; Roadside Attractions and LD Entertainment  ;24%;49;79%;1,7;false;1/17/2023;VIERNES
Vazante;; Daniela Thomas;; Music Box Films  ;85%;33;65%;124;false;7/21/2022;LUNES
The Strange Ones;; Christopher Radcliff,  Lauren Wolkstein;; Vertical Entertainment and DIRECTV  ;54%;28;44%;333;false;6/29/2023;LUNES
Paddington 2;; Paul King (VII) ;; Warner Bros. Pictures  ;100%;238;88%;8,038;false;6/27/2022;JUEVES
Den of Thieves;; Christian Gudegast;; STX Entertainment  ;41%;131;62%;4,235;true;4/24/2023;VIERNES
Son of Bigfoot;; Jeremy Degruson,  Ben Stassen;; DIRECTV and Viva Pictures  ;76%;21;40%;367;false;03/08/2023;JUEVES
Bombshell: The Hedy Lamarr Story;; Alexandra Dean;; Reframed Pictures  ;96%;89;85%;1,152;true;10/22/2022;JUEVES
Let the Sunshine In (Un beau soleil intérieur);; Claire Denis;; Sundance Selects  ;86%;139;30%;595;true;6/21/2022;VIERNES
The Insult (L'insulte);; Ziad Doueiri;; Cohen Media Group  ;86%;112;89%;1,063;true;10/05/2022;LUNES
Most Likely to Murder;; Dan Gregor;; Lionsgate  ;62%;13;45%;118;true;6/19/2023;JUEVES
Mary and The Witch's Flower;; Hiromasa Yonebayashi;; GKIDS  ;89%;88;70%;1,428;true;04/02/2023;JUEVES
Adventures in Public School (Public Schooled);; Kyle Rideout;; Gravitas Ventures  ;71%;7;62%;154;true;07/06/2023;LUNES
Black Cop;; Cory Bowles;; Samuel Goldwyn Films  ;82%;11;59%;55;true;11/07/2022;VIERNES
All I Wish (A Little Something for Your Birthday);; Susan Walter;; Paladin Film  ;18%;22;46%;79;false;5/15/2023;LUNES
Tremors: A Cold Day in Hell;; Don Michael Paul;; Universal 1440 Entertainment  ;40%;5;31%;148;false;5/27/2023;JUEVES
Supercon;; Zak Knutson;; Archstone Distribution  ;17%;12;36%;37;true;02/10/2023;JUEVES
The Escape of Prisoner 614;; Zach Golden;; Saban Films  ;20%;10;56%;66;true;6/18/2022;VIERNES
The Rachel Divide;; Laura Brownson;; Netflix  ;72%;25;62%;82;false;09/10/2022;LUNES
Duck Butter;; Miguel Arteta;; The Orchard  ;57%;35;46%;108;false;7/16/2023;LUNES
John Mulaney: Kid Gorgeous at Radio City;; Alex Timbers;; Netflix  ;100%;20;87%;116;false;5/24/2023;LUNES
Shakespeare Wallah;; James Ivory;; Continental Distributing  ;89%;9;64%;181;false;10/02/2022;VIERNES
The Greatest Showman;; Jenny Bicks,  Bill Condon;; 20th Century Fox  ;56%;252;86%;25,713;false;08/01/2022;VIERNES
Father Figures;; Lawrence Sher;; Warner Bros. Pictures  ;17%;47;25%;4,349;false;4/22/2023;VIERNES
The Commuter;; Jaume Collet-Serra;; Lionsgate  ;56%;205;39%;5,241;false;08/09/2023;LUNES
Molly's Game;; Aaron Sorkin;; STXfilms  ;82%;292;84%;11,69;false;05/05/2023;VIERNES
Phantom Thread;; Paul Thomas Anderson;; Focus Features  ;91%;334;70%;7,709;false;08/03/2023;JUEVES
Killing for Love (Das Versprechen);; Karin Steinberger,  Marcus Vetter;; IFC Films  ;100%;9;79%;202;false;7/13/2022;VIERNES
Us and Them;; Joseph Martin;; The Orchard  ;63%;19;66%;168;true;11/11/2022;LUNES
The Archer;; Valerie Weiss;; Mar Vista Entertainment  ;80%;5;89%;22;true;03/08/2023;VIERNES
The Post;; Steven Spielberg;; 20th Century Fox  ;88%;387;73%;12,2;false;7/15/2022;JUEVES
In the Fade (Aus dem Nichts);; Fatih Akin;; Magnolia Pictures  ;77%;148;71%;899;false;03/07/2023;LUNES
Mohawk;; Ted Geoghegan;; Dark Sky Films  ;83%;42;26%;209;true;7/31/2022;JUEVES
All the Money in the World;; Ridley Scott;; TriStar Pictures  ;80%;249;66%;6,536;false;8/25/2022;JUEVES
The Tribes of Palos Verdes;; Emmett Malloy,  Brendan Malloy;; IFC Films  ;64%;22;58%;255;false;01/02/2023;JUEVES
Kodachrome;; Mark Raso;; Netflix  ;71%;49;69%;579;true;8/27/2022;LUNES
Pass Over;; Spike Lee;; 40 Acres & A Mule Filmworks  ;92%;13;59%;36;true;3/22/2023;VIERNES
Come Sunday;; Joshua Marston;; Netflix  ;68%;34;60%;142;true;11/10/2022;VIERNES
Braven;; Lin Oeding;; Saban Films and Lionsgate  ;77%;30;77%;1,828;false;6/24/2023;JUEVES
10x10;; Suzi Ewing;; Vertical Entertainment  ;67%;9;20%;208;true;07/09/2022;VIERNES
Suicide Squad: Hell to Pay;; Len Wein,  John Byrne,  Alan Burnett;; DC Entertainment  ;88%;8;69%;360;false;9/24/2022;LUNES
6 Balloons;; Marja-Lewis Ryan;; Netflix  ;86%;29;55%;315;false;08/04/2023;LUNES
Mercury 13;; David Sington,  Heather Walsh;; Netflix  ;100%;24;76%;195;true;12/12/2022;JUEVES
Amateur;; Ryan Koo;; Netflix  ;60%;5;68%;107;false;9/21/2022;JUEVES
I Am Not An Easy Man (Je Ne Suis Pas Un Homme Facile);; Eléonore Pourriat;; Netflix  ;80%;5;72%;188;true;1/26/2023;VIERNES
Star Wars: The Last Jedi;; Rian Johnson;; Walt Disney Pictures  ;91%;462;43%;218,683;false;10/06/2022;VIERNES
The Titan;; Lennart Ruff;; Netflix  ;18%;28;15%;752;true;4/21/2023;JUEVES
Backstabbing for Beginners;; Per Fly;; A24 and DIRECTV  ;38%;24;43%;177;true;5/31/2023;VIERNES
Midnight Return: The Story of Billy Hayes and Turkey;; Sally Sussman;; Seventh Art Releasing  ;75%;8;80%;49;true;09/07/2022;LUNES
Roxanne Roxanne;; Michael Larnell;; Netflix  ;70%;30;63%;213;false;07/05/2022;VIERNES
Half Magic;; Heather Graham;; Momentum Pictures  ;55%;29;56%;141;true;6/22/2023;VIERNES
Last Men in Aleppo;; Feras Fayyad;; Grasshopper Film  ;97%;33;74%;465;true;11/04/2022;VIERNES
Sweet Virginia;; Jamie M. Dagg;; IFC Films  ;78%;55;60%;1,266;false;3/17/2023;VIERNES
Madame;; Amanda Sthers;; Blue Fox Entertainment  ;44%;36;53%;165;true;6/19/2023;LUNES
The Last Movie Star;; Adam Rifkin;; A24 and DIRECTV  ;54%;24;72%;341;true;11/03/2022;JUEVES
Permanent;; Colette Burson;; Magnolia Pictures  ;44%;9;69%;250;true;8/28/2022;VIERNES
Thelma;; Joachim Trier;; The Orchard  ;93%;147;77%;3,234;false;07/10/2023;JUEVES
Pyewacket;; Adam MacDonald;; IFC Films  ;82%;33;56%;412;true;06/08/2023;VIERNES
I Remember You (Eg Man Big);; Oskar Thor Axelsson;; Zik Zak Filmworks  ;86%;7;55%;394;false;3/26/2023;LUNES
The China Hustle;; Jed Rothstein;; 2929 Productions  ;77%;31;83%;201;false;5/25/2023;JUEVES
Terrifier;; Damien Leone;; Epic Pictures  ;67%;12;54%;756;true;06/06/2023;VIERNES
Acts of Violence;; Brett Donowho;; Lionsgate Premiere  ;0%;13;33%;266;false;11/21/2022;LUNES
Status Update;; Scott Speer;; Vertical Entertainment  ;0%;5;51%;301;false;8/15/2022;JUEVES
Basmati Blues;; Dan Baron;; Shout! Factory  ;11%;28;49%;257;true;10/14/2022;VIERNES
King In The Wilderness;; Peter Kunhardt;; HBO Documentary Films  ;100%;10;94%;73;true;01/01/2023;JUEVES
Beast of Burden;; Jesper Ganslandt;; Momentum Pictures  ;25%;8;9%;97;false;04/10/2023;LUNES
Outside In;; Lynn Shelton;; The Orchard  ;95%;41;75%;317;false;8/24/2022;VIERNES
First Match;; Olivia Newman;; Netflix  ;85%;20;81%;182;false;7/22/2023;LUNES
PARADOX;; Daryl Hannah;; Netflix  ;29%;7;37%;40;true;07/07/2023;VIERNES
4/20 Massacre;; Dylan Reynolds;; The Hike Productions  ;57%;7;46%;20;true;06/06/2022;JUEVES
Justice League;; Zack Snyder;; Warner Bros. Pictures  ;40%;387;71%;127,303;true;6/15/2023;JUEVES
Ferdinand;; Carlos Saldanha;; Blue Sky Studio/20th Century Fox  ;71%;119;50%;6,924;true;3/13/2023;JUEVES
Court;; Chaitanya Tamhane;; Zeitgeist Films  ;98%;55;80%;755;false;06/07/2022;JUEVES
Jumanji: Welcome to the Jungle;; Jake Kasdan;; Columbia Pictures  ;76%;229;87%;39,155;false;3/30/2023;VIERNES
The Disaster Artist;; James Franco;; A24  ;91%;336;85%;15,015;false;8/24/2022;JUEVES
Lady Bird;; Greta Gerwig;; A24  ;99%;384;79%;22,071;true;9/16/2022;JUEVES
Small Town Crime;; Eshom Nelms,  Ian Nelms;; Saban Films  ;77%;35;67%;635;true;9/22/2022;VIERNES
Porto;; Gabe Klinger;; Salem Street Entertainment  ;50%;30;41%;92;false;09/06/2022;LUNES
1:54;; Yan England;; Breaking Glass Pictures  ;57%;7;59%;97;true;9/23/2022;LUNES
Call Me by Your Name;; Luca Guadagnino;; Sony Pictures Classics  ;95%;346;86%;15,42;false;09/09/2022;LUNES
The Vanishing of Sidney Hall;; Shawn Christensen;; Fuzzy Logic Pictures  ;11%;27;79%;457;true;7/27/2022;VIERNES
Song of Granite;; Pat Collins;; Marcie Films Limited  ;85%;26;50%;65;true;03/04/2023;JUEVES
Frank Serpico;; Antonino D'Ambrosio;; IFC Films  ;75%;8;50%;83;true;08/12/2023;LUNES
The Shape of Water;; Guillermo del Toro;; Fox Searchlight Pictures  ;92%;434;72%;25,501;true;9/24/2022;LUNES
The Divine Order (Die göttliche Ordnung);; Petra Biondina Volpe;; Zodiac Pictures  ;83%;53;63%;113;false;10/12/2022;JUEVES
Imitation Girl;; Natasha Kermani;; Epic Pictures  ;100%;7;44%;95;false;10/22/2022;LUNES
Kickboxer: Retaliation;; Dimitri Logothetis;; Well Go USA Entertainment  ;92%;13;71%;451;false;02/07/2023;LUNES
I;; R (for pervasive language, violence, and some sexual content/nudity);;   119 minutes    ; NEON  ;89%;366;88%;false;12/03/2022;LUNES
Arthur Miller: Writer;; Rebecca Miller;; HBO Documentary Films  ;91%;11;62%;48;false;06/05/2022;VIERNES
Allure;; Carlos Sanchez,  Jason Sanchez;; Samuel Goldwyn Films  ;45%;29;42%;56;false;04/06/2023;VIERNES
Josie;; Eric England;; Screen Media Films  ;13%;8;30%;108;false;2/28/2023;VIERNES
Ricky Gervais: Humanity;; John L. Spencer;; Netflix  ;47%;15;88%;279;true;6/13/2023;LUNES
